record_id,catalog_name,catalog_year,catalog_record_status,catalog_status_reason,product_lifecycle_status,current_replacement_status,price_status,category,product_name,manufacturer,newark_stock_no,manufacturer_part_no_or_type,author_or_creator,variant,pack_quantity,historical_price_usd,description,source_pdf_page,source_printed_page,extraction_confidence,notes
NWK112-0001,Newark Electronics Catalog 112,1992,Obsolete,Historical catalog listing from 1992; listing and catalog price are no longer current.,Unverified,Unverified,Historical,Publications > Electronics Books,Advanced C: Tips and Techniques,Howard W. Sams / Sams,90F3450,,Paul Anderson and Gail Anderson,,1,29.95,Technical electronics or computer reference book listed in the Newark catalog.,24,6,High,
NWK112-0002,Newark Electronics Catalog 112,1992,Obsolete,Historical catalog listing from 1992; listing and catalog price are no longer current.,Unverified,Unverified,Historical,Publications > Electronics Books,Advanced Digital Audio,Howard W. Sams / Sams,50F6729,,Ken Pohlmann,,1,39.95,Technical electronics or computer reference book listed in the Newark catalog.,24,6,High,
NWK112-0003,Newark Electronics Catalog 112,1992,Obsolete,Historical catalog listing from 1992; listing and catalog price are no longer current.,Unverified,Unverified,Historical,Publications > Electronics Books,Audio Systems Design and Installation,Howard W. Sams / Sams,50F6725,,Philip Giddings,,1,59.95,Technical electronics or computer reference book listed in the Newark catalog.,24,6,High,
NWK112-0004,Newark Electronics Catalog 112,1992,Obsolete,Historical catalog listing from 1992; listing and catalog price are no longer current.,Unverified,Unverified,Historical,Publications > Electronics Books,Beginner's Guide to Printers,Howard W. Sams / Sams,50F8701,,John Stephenson,,1,19.95,Technical electronics or computer reference book listed in the Newark catalog.,24,6,High,
NWK112-0005,Newark Electronics Catalog 112,1992,Obsolete,Historical catalog listing from 1992; listing and catalog price are no longer current.,Unverified,Unverified,Historical,Publications > Electronics Books,Camcorder Survival Guide,Howard W. Sams / Sams,50F8702,,Robert Wolenik,,1,9.95,Technical electronics or computer reference book listed in the Newark catalog.,24,6,High,
NWK112-0006,Newark Electronics Catalog 112,1992,Obsolete,Historical catalog listing from 1992; listing and catalog price are no longer current.,Unverified,Unverified,Historical,Publications > Electronics Books,Compact Disc Troubleshooting and Repair,Howard W. Sams / Sams,90F3467,,Neil Heller and Thomas Bentz,,1,24.95,Technical electronics or computer reference book listed in the Newark catalog.,24,6,High,
NWK112-0007,Newark Electronics Catalog 112,1992,Obsolete,Historical catalog listing from 1992; listing and catalog price are no longer current.,Unverified,Unverified,Historical,Publications > Electronics Books,C Programmer's Guide to Serial Communications,Howard W. Sams / Sams,90F3488,,Joe Campbell,,1,29.95,Technical electronics or computer reference book listed in the Newark catalog.,24,6,High,
NWK112-0008,Newark Electronics Catalog 112,1992,Obsolete,Historical catalog listing from 1992; listing and catalog price are no longer current.,Unverified,Unverified,Historical,Publications > Electronics Books,Active Filter Cookbook,Howard W. Sams / Sams,89F3094,,Don Lancaster,,1,19.95,Technical electronics or computer reference book listed in the Newark catalog.,24,6,High,
NWK112-0009,Newark Electronics Catalog 112,1992,Obsolete,Historical catalog listing from 1992; listing and catalog price are no longer current.,Unverified,Unverified,Historical,Publications > Electronics Books,CMOS Cookbook,Howard W. Sams / Sams,89F3095,,Don Lancaster; revised by Howard Berlin,,1,24.95,Technical electronics or computer reference book listed in the Newark catalog.,24,6,High,
NWK112-0010,Newark Electronics Catalog 112,1992,Obsolete,Historical catalog listing from 1992; listing and catalog price are no longer current.,Unverified,Unverified,Historical,Publications > Electronics Books,"IC Op-Amp Cookbook, Third Edition",Howard W. Sams / Sams,89F3100,,Walter Jung,,1,24.95,Technical electronics or computer reference book listed in the Newark catalog.,24,6,High,
NWK112-0011,Newark Electronics Catalog 112,1992,Obsolete,Historical catalog listing from 1992; listing and catalog price are no longer current.,Unverified,Unverified,Historical,Publications > Electronics Books,"IC Timer Cookbook, Second Edition",Howard W. Sams / Sams,89F3091,,Walter Jung,,1,19.95,Technical electronics or computer reference book listed in the Newark catalog.,24,6,High,
NWK112-0012,Newark Electronics Catalog 112,1992,Obsolete,Historical catalog listing from 1992; listing and catalog price are no longer current.,Unverified,Unverified,Historical,Publications > Electronics Books,Optoelectronics Cookbook,Howard W. Sams / Sams,50F6731,,Joseph Carr,,1,19.95,Technical electronics or computer reference book listed in the Newark catalog.,24,6,High,
NWK112-0013,Newark Electronics Catalog 112,1992,Obsolete,Historical catalog listing from 1992; listing and catalog price are no longer current.,Unverified,Unverified,Historical,Publications > Electronics Books,TTL Cookbook,Howard W. Sams / Sams,89F3134,,Don Lancaster,,1,19.95,Technical electronics or computer reference book listed in the Newark catalog.,24,6,High,
NWK112-0014,Newark Electronics Catalog 112,1992,Obsolete,Historical catalog listing from 1992; listing and catalog price are no longer current.,Unverified,Unverified,Historical,Publications > Electronics Books,"Handbook for Sound Engineers: The New Audio Cyclopedia, Second Edition",Howard W. Sams / Sams,50F6727,,"Glen Ballou, editor-in-chief",,1,99.95,Technical electronics or computer reference book listed in the Newark catalog.,24,6,High,
NWK112-0015,Newark Electronics Catalog 112,1992,Obsolete,Historical catalog listing from 1992; listing and catalog price are no longer current.,Unverified,Unverified,Historical,Publications > Electronics Books,Electrical Test Equipment,Howard W. Sams / Sams,51F1342,,"Mileaf, editor",,1,19.95,Technical electronics or computer reference book listed in the Newark catalog.,24,6,High,
NWK112-0016,Newark Electronics Catalog 112,1992,Obsolete,Historical catalog listing from 1992; listing and catalog price are no longer current.,Unverified,Unverified,Historical,Publications > Electronics Books,Electrical Wiring,Howard W. Sams / Sams,51F1343,,"Arthur Seale, Jr.",,1,19.95,Technical electronics or computer reference book listed in the Newark catalog.,24,6,High,
NWK112-0017,Newark Electronics Catalog 112,1992,Obsolete,Historical catalog listing from 1992; listing and catalog price are no longer current.,Unverified,Unverified,Historical,Publications > Electronics Books,"Electricity One-Seven, Revised",Howard W. Sams / Sams,89F3129,,"Mileaf, editor",,1,49.95,Technical electronics or computer reference book listed in the Newark catalog.,24,6,High,
NWK112-0018,Newark Electronics Catalog 112,1992,Obsolete,Historical catalog listing from 1992; listing and catalog price are no longer current.,Unverified,Unverified,Historical,Publications > Electronics Books,"Electronics One-Seven, Revised, Second Edition",Howard W. Sams / Sams,89F3123,,"Mileaf, editor",,1,49.95,Technical electronics or computer reference book listed in the Newark catalog.,24,6,High,
NWK112-0019,Newark Electronics Catalog 112,1992,Obsolete,Historical catalog listing from 1992; listing and catalog price are no longer current.,Unverified,Unverified,Historical,Publications > Electronics Books,"Handbook of Computer-Communications Standards, Volume 1, Second Edition",Howard W. Sams / Sams,50F1127,,William Stallings,,1,39.95,Technical electronics or computer reference book listed in the Newark catalog.,24,6,High,
NWK112-0020,Newark Electronics Catalog 112,1992,Obsolete,Historical catalog listing from 1992; listing and catalog price are no longer current.,Unverified,Unverified,Historical,Publications > Electronics Books,"Handbook of Electronic Tables and Formulas, Sixth Edition",Howard W. Sams / Sams,89F3122,,Howard Sams Engineering Staff,,1,24.95,Technical electronics or computer reference book listed in the Newark catalog.,24,6,High,
NWK112-0021,Newark Electronics Catalog 112,1992,Obsolete,Historical catalog listing from 1992; listing and catalog price are no longer current.,Unverified,Unverified,Historical,Publications > Electronics Books,"Data Communications, Networks, and Systems",Howard W. Sams / Sams,89F3087,,"Bartee, editor-in-chief",,1,39.95,Technical electronics or computer reference book listed in the Newark catalog.,24,6,High,
NWK112-0022,Newark Electronics Catalog 112,1992,Obsolete,Historical catalog listing from 1992; listing and catalog price are no longer current.,Unverified,Unverified,Historical,Publications > Electronics Books,Understanding Fiber Optics,Howard W. Sams / Sams,89F3110,,Jeff Hecht,,1,17.95,Technical electronics or computer reference book listed in the Newark catalog.,24,6,High,
NWK112-0023,Newark Electronics Catalog 112,1992,Obsolete,Historical catalog listing from 1992; listing and catalog price are no longer current.,Unverified,Unverified,Historical,Publications > Electronics Books,How to Design and Build Loudspeaker and Listening Enclosures,Howard W. Sams / Sams,50F8703,,Don and Carolyn Davis,,1,39.95,Technical electronics or computer reference book listed in the Newark catalog.,24,6,High,
NWK112-0024,Newark Electronics Catalog 112,1992,Obsolete,Historical catalog listing from 1992; listing and catalog price are no longer current.,Unverified,Unverified,Historical,Publications > Electronics Books,"How to Read Schematics, Fourth Edition",Howard W. Sams / Sams,89F3099,,Don Herrington,,1,19.95,Technical electronics or computer reference book listed in the Newark catalog.,24,6,High,
NWK112-0025,Newark Electronics Catalog 112,1992,Obsolete,Historical catalog listing from 1992; listing and catalog price are no longer current.,Unverified,Unverified,Historical,Publications > Electronics Books,IBM PC Advanced Troubleshooting and Repair,Howard W. Sams / Sams,90F3465,,Robert Brenner,,1,24.95,Technical electronics or computer reference book listed in the Newark catalog.,24,6,High,
NWK112-0026,Newark Electronics Catalog 112,1992,Obsolete,Historical catalog listing from 1992; listing and catalog price are no longer current.,Unverified,Unverified,Historical,Publications > Electronics Books,IBM Personal Computer Upgrade Guide,Howard W. Sams / Sams,50F8704,,"Corey Sandler, Tom Badgett and Jim Terry",,1,24.95,Technical electronics or computer reference book listed in the Newark catalog.,24,6,High,
NWK112-0027,Newark Electronics Catalog 112,1992,Obsolete,Historical catalog listing from 1992; listing and catalog price are no longer current.,Unverified,Unverified,Historical,Publications > Electronics Books,"Modern Dictionary of Electronics, Sixth Edition",Howard W. Sams / Sams,89F3121,,Rudolf Graf,,1,39.95,Technical electronics or computer reference book listed in the Newark catalog.,25,7,High,
NWK112-0028,Newark Electronics Catalog 112,1992,Obsolete,Historical catalog listing from 1992; listing and catalog price are no longer current.,Unverified,Unverified,Historical,Publications > Electronics Books,"The Waite Group's MS-DOS Developer's Guide, Second Edition",Howard W. Sams / Sams,90F3477,,John Angermeyer and Kevin Jaeger,,1,29.95,Technical electronics or computer reference book listed in the Newark catalog.,25,7,High,
NWK112-0029,Newark Electronics Catalog 112,1992,Obsolete,Historical catalog listing from 1992; listing and catalog price are no longer current.,Unverified,Unverified,Historical,Publications > Electronics Books,"Regulated Power Supplies, Third Edition",Howard W. Sams / Sams,89F3090,,Gottlieb,,1,19.95,Technical electronics or computer reference book listed in the Newark catalog.,25,7,High,
NWK112-0030,Newark Electronics Catalog 112,1992,Obsolete,Historical catalog listing from 1992; listing and catalog price are no longer current.,Unverified,Unverified,Historical,Publications > Electronics Books,"Radio Handbook, Twenty-Third Edition",Howard W. Sams / Sams,50F6722,,William Orr,,1,39.95,Technical electronics or computer reference book listed in the Newark catalog.,25,7,High,
NWK112-0031,Newark Electronics Catalog 112,1992,Obsolete,Historical catalog listing from 1992; listing and catalog price are no longer current.,Unverified,Unverified,Historical,Publications > Electronics Books,IC User's Casebook,Howard W. Sams / Sams,90F1916,,Carr,,1,19.95,Technical electronics or computer reference book listed in the Newark catalog.,25,7,High,
NWK112-0032,Newark Electronics Catalog 112,1992,Obsolete,Historical catalog listing from 1992; listing and catalog price are no longer current.,Unverified,Unverified,Historical,Publications > Electronics Books,Op-Amp Circuits and Principles,Howard W. Sams / Sams,50F6728,,,,1,39.95,Technical electronics or computer reference book listed in the Newark catalog.,25,7,High,
NWK112-0033,Newark Electronics Catalog 112,1992,Obsolete,Historical catalog listing from 1992; listing and catalog price are no longer current.,Unverified,Unverified,Historical,Publications > Electronics Books,RF Circuit Design,Howard W. Sams / Sams,89F3125,,Christopher Bowick,,1,24.95,Technical electronics or computer reference book listed in the Newark catalog.,25,7,High,
NWK112-0034,Newark Electronics Catalog 112,1992,Obsolete,Historical catalog listing from 1992; listing and catalog price are no longer current.,Unverified,Unverified,Historical,Publications > Electronics Books,"Sound System Engineering, Second Edition",Howard W. Sams / Sams,50F8706,,Don Davis and Carolyn Davis,,1,49.95,Technical electronics or computer reference book listed in the Newark catalog.,25,7,High,
NWK112-0035,Newark Electronics Catalog 112,1992,Obsolete,Historical catalog listing from 1992; listing and catalog price are no longer current.,Unverified,Unverified,Historical,Publications > Electronics Books,"Understanding IC Operational Amplifiers, Third Edition",Howard W. Sams / Sams,89F3098,,Melen and Garland,,1,12.95,Technical electronics or computer reference book listed in the Newark catalog.,25,7,High,
NWK112-0036,Newark Electronics Catalog 112,1992,Obsolete,Historical catalog listing from 1992; listing and catalog price are no longer current.,Unverified,Unverified,Historical,Publications > Electronics Books,"Interfacing to the IBM Personal Computer, Second Edition",Howard W. Sams / Sams,50F9559,,Lewis Eggebrecht,,1,24.95,Technical electronics or computer reference book listed in the Newark catalog.,25,7,High,
NWK112-0037,Newark Electronics Catalog 112,1992,Obsolete,Historical catalog listing from 1992; listing and catalog price are no longer current.,Unverified,Unverified,Historical,Publications > Electronics Books,PC Peripherals Maintenance Guide,Howard W. Sams / Sams,50F9560,,George Rutkowski and Bruce Skubon,,1,39.95,Technical electronics or computer reference book listed in the Newark catalog.,25,7,High,
NWK112-0038,Newark Electronics Catalog 112,1992,Obsolete,Historical catalog listing from 1992; listing and catalog price are no longer current.,Unverified,Unverified,Historical,Publications > Electronics Books,Semiconductor Cross Reference Data Book,Howard W. Sams / Sams,50F1287,,Howard Sams Engineering Staff,,1,19.95,Technical electronics or computer reference book listed in the Newark catalog.,25,7,High,
NWK112-0039,Newark Electronics Catalog 112,1992,Obsolete,Historical catalog listing from 1992; listing and catalog price are no longer current.,Unverified,Unverified,Historical,Publications > Electronics Books,Transformers and Motors,Howard W. Sams / Sams,51F1344,,George Schultz,,1,24.95,Technical electronics or computer reference book listed in the Newark catalog.,25,7,High,
NWK112-0040,Newark Electronics Catalog 112,1992,Obsolete,Historical catalog listing from 1992; listing and catalog price are no longer current.,Unverified,Unverified,Historical,Publications > Electronics Books,"Understanding Microprocessors, Third Edition",Howard W. Sams / Sams,50F6724,,Don Cannon,,1,24.95,Technical electronics or computer reference book listed in the Newark catalog.,25,7,High,
NWK112-0041,Newark Electronics Catalog 112,1992,Obsolete,Historical catalog listing from 1992; listing and catalog price are no longer current.,Unverified,Unverified,Historical,Publications > Electronics Books,"Understanding Telephone Electronics, Third Edition",Howard W. Sams / Sams,50F9561,,John Fike and George Friend; revised by Stephen Bigelow,,1,24.95,Technical electronics or computer reference book listed in the Newark catalog.,25,7,High,
NWK112-0042,Newark Electronics Catalog 112,1992,Obsolete,Historical catalog listing from 1992; listing and catalog price are no longer current.,Unverified,Unverified,Historical,Publications > Electronics Books,Macintosh Printer Secrets,Howard W. Sams / Sams,50F8705,,Larry Pina,,1,34.95,Technical electronics or computer reference book listed in the Newark catalog.,25,7,High,
NWK112-0043,Newark Electronics Catalog 112,1992,Obsolete,Historical catalog listing from 1992; listing and catalog price are no longer current.,Unverified,Unverified,Historical,Publications > Electronics Books,"Principles of Digital Audio, Second Edition",Howard W. Sams / Sams,90F1915,,Ken Pohlmann,,1,29.95,Technical electronics or computer reference book listed in the Newark catalog.,25,7,High,
NWK112-0044,Newark Electronics Catalog 112,1992,Obsolete,Historical catalog listing from 1992; listing and catalog price are no longer current.,Unverified,Unverified,Historical,Publications > Electronics Books,The Waite Group's QuickC Bible,Howard W. Sams / Sams,90F3448,,Naba Barkakati,,1,29.95,Technical electronics or computer reference book listed in the Newark catalog.,25,7,High,
NWK112-0045,Newark Electronics Catalog 112,1992,Obsolete,Historical catalog listing from 1992; listing and catalog price are no longer current.,Unverified,Unverified,Historical,Publications > Electronics Books,"Understanding Data Communications, Third Edition",Howard W. Sams / Sams,50F8707,,Gilbert Held,,1,19.95,Technical electronics or computer reference book listed in the Newark catalog.,25,7,High,
NWK112-0046,Newark Electronics Catalog 112,1992,Obsolete,Historical catalog listing from 1992; listing and catalog price are no longer current.,Unverified,Unverified,Historical,Publications > Electronics Books,"Understanding Digital Troubleshooting, Third Edition",Howard W. Sams / Sams,50F8708,,Don Cannon,,1,19.95,Technical electronics or computer reference book listed in the Newark catalog.,25,7,High,
NWK112-0047,Newark Electronics Catalog 112,1992,Obsolete,Historical catalog listing from 1992; listing and catalog price are no longer current.,Unverified,Unverified,Historical,Publications > Electronics Books,"Understanding Solid-State Electronics, Fifth Edition",Howard W. Sams / Sams,50F6730,,Don Cannon,,1,19.95,Technical electronics or computer reference book listed in the Newark catalog.,25,7,High,
NWK112-0048,Newark Electronics Catalog 112,1992,Obsolete,Historical catalog listing from 1992; listing and catalog price are no longer current.,Unverified,Unverified,Historical,Publications > Electronics Books,Microcomputer Troubleshooting and Repair,Howard W. Sams / Sams,50F6696,,John Stephenson and Bob Cahill,,1,24.95,Technical electronics or computer reference book listed in the Newark catalog.,25,7,High,
NWK112-0049,Newark Electronics Catalog 112,1992,Obsolete,Historical catalog listing from 1992; listing and catalog price are no longer current.,Unverified,Unverified,Historical,Publications > Electronics Books,"Reference Data for Engineers: Radio, Electronics, Computer, and Communications, Seventh Edition",Howard W. Sams / Sams,89F3101,,"Jordan, editor-in-chief",,1,99.95,Technical electronics or computer reference book listed in the Newark catalog.,25,7,High,
NWK112-0050,Newark Electronics Catalog 112,1992,Obsolete,Historical catalog listing from 1992; listing and catalog price are no longer current.,Unverified,Unverified,Historical,Publications > Electronics Books,VCR Troubleshooting and Repair Guide,Howard W. Sams / Sams,90F3468,,Brenner and Capelo,,1,19.95,Technical electronics or computer reference book listed in the Newark catalog.,25,7,High,
NWK112-0051,Newark Electronics Catalog 112,1992,Obsolete,Historical catalog listing from 1992; listing and catalog price are no longer current.,Unverified,Unverified,Historical,Publications > Engineering Digests,D.A.T.A. Digest - Digital ICs,D.A.T.A. Business Publishing / Global Engineering Documents,90F1568,DG,,,1,200.0,"41,763 devices from 141 manufacturers.",26,8,High,
NWK112-0052,Newark Electronics Catalog 112,1992,Obsolete,Historical catalog listing from 1992; listing and catalog price are no longer current.,Unverified,Unverified,Historical,Publications > Engineering Digests,D.A.T.A. Digest - Linear ICs,D.A.T.A. Business Publishing / Global Engineering Documents,81F3807,LN,,,1,200.0,"36,879 devices from 224 manufacturers.",26,8,High,
NWK112-0053,Newark Electronics Catalog 112,1992,Obsolete,Historical catalog listing from 1992; listing and catalog price are no longer current.,Unverified,Unverified,Historical,Publications > Engineering Digests,D.A.T.A. Digest - Interface ICs,D.A.T.A. Business Publishing / Global Engineering Documents,81F3805,IF,,,1,200.0,"42,736 devices from 188 manufacturers.",26,8,High,
NWK112-0054,Newark Electronics Catalog 112,1992,Obsolete,Historical catalog listing from 1992; listing and catalog price are no longer current.,Unverified,Unverified,Historical,Publications > Engineering Digests,D.A.T.A. Digest - Microprocessors,D.A.T.A. Business Publishing / Global Engineering Documents,81F3808,MP,,,1,200.0,"21,689 devices from 137 manufacturers.",26,8,High,
NWK112-0055,Newark Electronics Catalog 112,1992,Obsolete,Historical catalog listing from 1992; listing and catalog price are no longer current.,Unverified,Unverified,Historical,Publications > Engineering Digests,D.A.T.A. Digest - Memory ICs,D.A.T.A. Business Publishing / Global Engineering Documents,90F2947,MM,,,1,200.0,"59,084 devices from 142 manufacturers.",26,8,High,
NWK112-0056,Newark Electronics Catalog 112,1992,Obsolete,Historical catalog listing from 1992; listing and catalog price are no longer current.,Unverified,Unverified,Historical,Publications > Engineering Digests,Qualified Products List and Sources,D.A.T.A. Business Publishing / Global Engineering Documents,50F980,QPL,,,1,95.0,Government and defense qualified-product reference.,26,8,High,
NWK112-0057,Newark Electronics Catalog 112,1992,Obsolete,Historical catalog listing from 1992; listing and catalog price are no longer current.,Unverified,Unverified,Historical,Publications > Engineering Digests,Source of Supply,D.A.T.A. Business Publishing / Global Engineering Documents,50F981,SOS,,,1,125.0,Aerospace hardware sourcing and selection guide.,26,8,High,
NWK112-0058,Newark Electronics Catalog 112,1992,Obsolete,Historical catalog listing from 1992; listing and catalog price are no longer current.,Unverified,Unverified,Historical,Publications > Engineering Digests,IC Pinout Guide,D.A.T.A. Business Publishing / Global Engineering Documents,50F108,Pinout Guide,,,1,99.0,"Pinout reference for more than 175,000 integrated circuits.",26,8,High,
NWK112-0059,Newark Electronics Catalog 112,1992,Obsolete,Historical catalog listing from 1992; listing and catalog price are no longer current.,Unverified,Unverified,Historical,Publications > Engineering Digests,D.A.T.A. Digest - Diodes,D.A.T.A. Business Publishing / Global Engineering Documents,81F3800,DI,,,1,185.0,"167,149 devices from 196 manufacturers.",26,8,High,
NWK112-0060,Newark Electronics Catalog 112,1992,Obsolete,Historical catalog listing from 1992; listing and catalog price are no longer current.,Unverified,Unverified,Historical,Publications > Engineering Digests,D.A.T.A. Digest - Transistors,D.A.T.A. Business Publishing / Global Engineering Documents,81F3798,TR,,,1,185.0,"134,214 devices from 151 manufacturers.",26,8,High,
NWK112-0061,Newark Electronics Catalog 112,1992,Obsolete,Historical catalog listing from 1992; listing and catalog price are no longer current.,Unverified,Unverified,Historical,Publications > Engineering Digests,D.A.T.A. Digest - Thyristors,D.A.T.A. Business Publishing / Global Engineering Documents,81F3799,TY,,,1,185.0,"54,949 devices from 98 manufacturers.",26,8,High,
NWK112-0062,Newark Electronics Catalog 112,1992,Obsolete,Historical catalog listing from 1992; listing and catalog price are no longer current.,Unverified,Unverified,Historical,Publications > Engineering Digests,D.A.T.A. Digest - Power Semiconductors,D.A.T.A. Business Publishing / Global Engineering Documents,81F3814,PW,,,1,185.0,"38,000 devices from 175 manufacturers.",26,8,High,
NWK112-0063,Newark Electronics Catalog 112,1992,Obsolete,Historical catalog listing from 1992; listing and catalog price are no longer current.,Unverified,Unverified,Historical,Publications > Engineering Digests,D.A.T.A. Digest - Optoelectronics,D.A.T.A. Business Publishing / Global Engineering Documents,81F3812,OE,,,1,185.0,"36,618 devices from 179 manufacturers.",26,8,High,
NWK112-0064,Newark Electronics Catalog 112,1992,Obsolete,Historical catalog listing from 1992; listing and catalog price are no longer current.,Unverified,Unverified,Historical,Publications > Engineering Digests,High-Rel/Military Electronic Components,D.A.T.A. Business Publishing / Global Engineering Documents,90F1028,HR,,,1,180.0,Military microcircuit and device reference.,26,8,High,
NWK112-0065,Newark Electronics Catalog 112,1992,Obsolete,Historical catalog listing from 1992; listing and catalog price are no longer current.,Unverified,Unverified,Historical,Publications > Engineering Digests,Alternate Sources and Replacements: Integrated Circuits,D.A.T.A. Business Publishing / Global Engineering Documents,90F3199,ASR,,,1,130.0,"Alternate-source reference for 200,000 devices.",26,8,High,
NWK112-0066,Newark Electronics Catalog 112,1992,Obsolete,Historical catalog listing from 1992; listing and catalog price are no longer current.,Unverified,Unverified,Historical,Publications > Engineering Digests,Direct Alternate Sources: Discrete Semiconductors,D.A.T.A. Business Publishing / Global Engineering Documents,90F3200,DAR,,,1,130.0,Direct alternate-source reference.,26,8,High,
NWK112-0067,Newark Electronics Catalog 112,1992,Obsolete,Historical catalog listing from 1992; listing and catalog price are no longer current.,Unverified,Unverified,Historical,Publications > Engineering Digests,Suggested Replacements: Discrete Semiconductors,D.A.T.A. Business Publishing / Global Engineering Documents,90F3201,SAR,,,1,130.0,Suggested replacement reference.,26,8,High,
NWK112-0068,Newark Electronics Catalog 112,1992,Obsolete,Historical catalog listing from 1992; listing and catalog price are no longer current.,Unverified,Unverified,Historical,Publications > Engineering Digests,International Semiconductor Directory,D.A.T.A. Business Publishing / Global Engineering Documents,90F3202,ID,,,1,125.0,Directory of integrated circuits and discrete semiconductors.,26,8,High,
NWK112-0069,Newark Electronics Catalog 112,1992,Obsolete,Historical catalog listing from 1992; listing and catalog price are no longer current.,Unverified,Unverified,Historical,Publications > Engineering Digests,"Surface-Mounted ICs and Discretes, Two-Volume Set",D.A.T.A. Business Publishing / Global Engineering Documents,50F107,SMT,,,1,305.0,"Reference for more than 78,000 surface-mounted devices.",26,8,High,
NWK112-0070,Newark Electronics Catalog 112,1992,Obsolete,Historical catalog listing from 1992; listing and catalog price are no longer current.,Unverified,Unverified,Historical,Publications > Engineering Digests,Application Notes Directory,D.A.T.A. Business Publishing / Global Engineering Documents,81F3819,AN,,,1,90.0,"Directory of 8,200 application notes.",26,8,High,
NWK112-0071,Newark Electronics Catalog 112,1992,Obsolete,Historical catalog listing from 1992; listing and catalog price are no longer current.,Unverified,Unverified,Historical,Publications > Engineering Digests,Consolidated Index of Discontinued Devices - Integrated Circuits,D.A.T.A. Business Publishing / Global Engineering Documents,90F3203,DIC,,,1,100.0,Volume 1; discontinued integrated circuits.,26,8,High,
NWK112-0072,Newark Electronics Catalog 112,1992,Obsolete,Historical catalog listing from 1992; listing and catalog price are no longer current.,Unverified,Unverified,Historical,Publications > Engineering Digests,Consolidated Index of Discontinued Devices - Discrete Semiconductors,D.A.T.A. Business Publishing / Global Engineering Documents,90F3204,DDS,,,1,180.0,Volumes 2 and 3; discontinued discrete semiconductors.,26,8,High,
NWK112-0073,Newark Electronics Catalog 112,1992,Obsolete,Historical catalog listing from 1992; listing and catalog price are no longer current.,Unverified,Unverified,Historical,Publications > Engineering Digests,Consolidated Index of Discontinued Devices - Three-Volume Set,D.A.T.A. Business Publishing / Global Engineering Documents,90F3205,DSS,,,1,250.0,Three-volume discontinued-device set.,26,8,High,
NWK112-0074,Newark Electronics Catalog 112,1992,Obsolete,Historical catalog listing from 1992; listing and catalog price are no longer current.,Unverified,Unverified,Historical,LEDs & Indicators > LED Lenses and Mounts,"CLIPLITE T1 round lens mount, standard height",VCC / Visual Communications Company,50F6517,SML 190 RTP PKG,,Red,10,3.1,LED lens/mount package; catalog page states standard packages of 10.,187,167,High,
NWK112-0075,Newark Electronics Catalog 112,1992,Obsolete,Historical catalog listing from 1992; listing and catalog price are no longer current.,Unverified,Unverified,Historical,LEDs & Indicators > LED Lenses and Mounts,"CLIPLITE T1 round lens mount, standard height",VCC / Visual Communications Company,50F6519,SML 190 ATP PKG,,Amber,10,3.1,LED lens/mount package; catalog page states standard packages of 10.,187,167,High,
NWK112-0076,Newark Electronics Catalog 112,1992,Obsolete,Historical catalog listing from 1992; listing and catalog price are no longer current.,Unverified,Unverified,Historical,LEDs & Indicators > LED Lenses and Mounts,"CLIPLITE T1 round lens mount, standard height",VCC / Visual Communications Company,50F6518,SML 190 GTP PKG,,Green,10,3.1,LED lens/mount package; catalog page states standard packages of 10.,187,167,High,
NWK112-0077,Newark Electronics Catalog 112,1992,Obsolete,Historical catalog listing from 1992; listing and catalog price are no longer current.,Unverified,Unverified,Historical,LEDs & Indicators > LED Lenses and Mounts,"CLIPLITE T1 round lens mount, standard height",VCC / Visual Communications Company,50F6520,SML 190 YTP PKG,,Yellow,10,3.1,LED lens/mount package; catalog page states standard packages of 10.,187,167,High,
NWK112-0078,Newark Electronics Catalog 112,1992,Obsolete,Historical catalog listing from 1992; listing and catalog price are no longer current.,Unverified,Unverified,Historical,LEDs & Indicators > LED Lenses and Mounts,"CLIPLITE T1 round lens mount, standard height",VCC / Visual Communications Company,50F6521,SML 190 CTP PKG,,Clear,10,3.1,LED lens/mount package; catalog page states standard packages of 10.,187,167,High,
NWK112-0079,Newark Electronics Catalog 112,1992,Obsolete,Historical catalog listing from 1992; listing and catalog price are no longer current.,Unverified,Unverified,Historical,LEDs & Indicators > LED Lenses and Mounts,"CLIPLITE T1-3/4 round lens mount, low profile",VCC / Visual Communications Company,50F6522,SMB 200 RTP PKG,,Red,10,3.1,LED lens/mount package; catalog page states standard packages of 10.,187,167,High,
NWK112-0080,Newark Electronics Catalog 112,1992,Obsolete,Historical catalog listing from 1992; listing and catalog price are no longer current.,Unverified,Unverified,Historical,LEDs & Indicators > LED Lenses and Mounts,"CLIPLITE T1-3/4 round lens mount, low profile",VCC / Visual Communications Company,50F6524,SMB 200 ATP PKG,,Amber,10,3.1,LED lens/mount package; catalog page states standard packages of 10.,187,167,High,
NWK112-0081,Newark Electronics Catalog 112,1992,Obsolete,Historical catalog listing from 1992; listing and catalog price are no longer current.,Unverified,Unverified,Historical,LEDs & Indicators > LED Lenses and Mounts,"CLIPLITE T1-3/4 round lens mount, low profile",VCC / Visual Communications Company,50F6523,SMB 200 GTP PKG,,Green,10,3.1,LED lens/mount package; catalog page states standard packages of 10.,187,167,High,
NWK112-0082,Newark Electronics Catalog 112,1992,Obsolete,Historical catalog listing from 1992; listing and catalog price are no longer current.,Unverified,Unverified,Historical,LEDs & Indicators > LED Lenses and Mounts,"CLIPLITE T1-3/4 round lens mount, low profile",VCC / Visual Communications Company,50F6525,SMB 200 YTP PKG,,Yellow,10,3.1,LED lens/mount package; catalog page states standard packages of 10.,187,167,High,
NWK112-0083,Newark Electronics Catalog 112,1992,Obsolete,Historical catalog listing from 1992; listing and catalog price are no longer current.,Unverified,Unverified,Historical,LEDs & Indicators > LED Lenses and Mounts,"CLIPLITE T1-3/4 round lens mount, low profile",VCC / Visual Communications Company,50F6526,SMB 200 CTP PKG,,Clear,10,3.1,LED lens/mount package; catalog page states standard packages of 10.,187,167,High,
NWK112-0084,Newark Electronics Catalog 112,1992,Obsolete,Historical catalog listing from 1992; listing and catalog price are no longer current.,Unverified,Unverified,Historical,LEDs & Indicators > LED Lenses and Mounts,"CLIPLITE T1-3/4 round lens mount, standard height",VCC / Visual Communications Company,50F6497,CLF 280 RTP PKG,,Red,10,3.4,LED lens/mount package; catalog page states standard packages of 10.,187,167,High,
NWK112-0085,Newark Electronics Catalog 112,1992,Obsolete,Historical catalog listing from 1992; listing and catalog price are no longer current.,Unverified,Unverified,Historical,LEDs & Indicators > LED Lenses and Mounts,"CLIPLITE T1-3/4 round lens mount, standard height",VCC / Visual Communications Company,50F6499,CLF 280 ATP PKG,,Amber,10,3.4,LED lens/mount package; catalog page states standard packages of 10.,187,167,High,
NWK112-0086,Newark Electronics Catalog 112,1992,Obsolete,Historical catalog listing from 1992; listing and catalog price are no longer current.,Unverified,Unverified,Historical,LEDs & Indicators > LED Lenses and Mounts,"CLIPLITE T1-3/4 round lens mount, standard height",VCC / Visual Communications Company,50F6498,CLF 280 GTP PKG,,Green,10,3.4,LED lens/mount package; catalog page states standard packages of 10.,187,167,High,
NWK112-0087,Newark Electronics Catalog 112,1992,Obsolete,Historical catalog listing from 1992; listing and catalog price are no longer current.,Unverified,Unverified,Historical,LEDs & Indicators > LED Lenses and Mounts,"CLIPLITE T1-3/4 round lens mount, standard height",VCC / Visual Communications Company,50F6500,CLF 280 YTP PKG,,Yellow,10,3.4,LED lens/mount package; catalog page states standard packages of 10.,187,167,High,
NWK112-0088,Newark Electronics Catalog 112,1992,Obsolete,Historical catalog listing from 1992; listing and catalog price are no longer current.,Unverified,Unverified,Historical,LEDs & Indicators > LED Lenses and Mounts,"CLIPLITE T1-3/4 round lens mount, standard height",VCC / Visual Communications Company,50F6501,CLF 280 CTP PKG,,Clear,10,3.4,LED lens/mount package; catalog page states standard packages of 10.,187,167,High,
NWK112-0089,Newark Electronics Catalog 112,1992,Obsolete,Historical catalog listing from 1992; listing and catalog price are no longer current.,Unverified,Unverified,Historical,LEDs & Indicators > LED Lenses and Mounts,"CLIPLITE T1-3/4 round lens mount, low profile",VCC / Visual Communications Company,50F6502,CLB 300 RTP PKG,,Red,10,3.4,LED lens/mount package; catalog page states standard packages of 10.,187,167,High,
NWK112-0090,Newark Electronics Catalog 112,1992,Obsolete,Historical catalog listing from 1992; listing and catalog price are no longer current.,Unverified,Unverified,Historical,LEDs & Indicators > LED Lenses and Mounts,"CLIPLITE T1-3/4 round lens mount, low profile",VCC / Visual Communications Company,50F6504,CLB 300 ATP PKG,,Amber,10,3.4,LED lens/mount package; catalog page states standard packages of 10.,187,167,High,
NWK112-0091,Newark Electronics Catalog 112,1992,Obsolete,Historical catalog listing from 1992; listing and catalog price are no longer current.,Unverified,Unverified,Historical,LEDs & Indicators > LED Lenses and Mounts,"CLIPLITE T1-3/4 round lens mount, low profile",VCC / Visual Communications Company,50F6503,CLB 300 GTP PKG,,Green,10,3.4,LED lens/mount package; catalog page states standard packages of 10.,187,167,High,
NWK112-0092,Newark Electronics Catalog 112,1992,Obsolete,Historical catalog listing from 1992; listing and catalog price are no longer current.,Unverified,Unverified,Historical,LEDs & Indicators > LED Lenses and Mounts,"CLIPLITE T1-3/4 round lens mount, low profile",VCC / Visual Communications Company,50F6505,CLB 300 YTP PKG,,Yellow,10,3.4,LED lens/mount package; catalog page states standard packages of 10.,187,167,High,
NWK112-0093,Newark Electronics Catalog 112,1992,Obsolete,Historical catalog listing from 1992; listing and catalog price are no longer current.,Unverified,Unverified,Historical,LEDs & Indicators > LED Lenses and Mounts,"CLIPLITE T1-3/4 round lens mount, low profile",VCC / Visual Communications Company,50F6506,CLB 300 CTP PKG,,Clear,10,3.4,LED lens/mount package; catalog page states standard packages of 10.,187,167,High,
NWK112-0094,Newark Electronics Catalog 112,1992,Obsolete,Historical catalog listing from 1992; listing and catalog price are no longer current.,Unverified,Unverified,Historical,LEDs & Indicators > LED Lenses and Mounts,"CUBELITE T1 square lens mount, low profile",VCC / Visual Communications Company,50F6527,SMQ 250 RTP PKG,,Red,10,3.1,LED lens/mount package; catalog page states standard packages of 10.,187,167,High,
NWK112-0095,Newark Electronics Catalog 112,1992,Obsolete,Historical catalog listing from 1992; listing and catalog price are no longer current.,Unverified,Unverified,Historical,LEDs & Indicators > LED Lenses and Mounts,"CUBELITE T1 square lens mount, low profile",VCC / Visual Communications Company,50F6529,SMQ 250 ATP PKG,,Amber,10,3.1,LED lens/mount package; catalog page states standard packages of 10.,187,167,High,
NWK112-0096,Newark Electronics Catalog 112,1992,Obsolete,Historical catalog listing from 1992; listing and catalog price are no longer current.,Unverified,Unverified,Historical,LEDs & Indicators > LED Lenses and Mounts,"CUBELITE T1 square lens mount, low profile",VCC / Visual Communications Company,50F6528,SMQ 250 GTP PKG,,Green,10,3.1,LED lens/mount package; catalog page states standard packages of 10.,187,167,High,
NWK112-0097,Newark Electronics Catalog 112,1992,Obsolete,Historical catalog listing from 1992; listing and catalog price are no longer current.,Unverified,Unverified,Historical,LEDs & Indicators > LED Lenses and Mounts,"CUBELITE T1 square lens mount, low profile",VCC / Visual Communications Company,50F6530,SMQ 250 YTP PKG,,Yellow,10,3.1,LED lens/mount package; catalog page states standard packages of 10.,187,167,High,
NWK112-0098,Newark Electronics Catalog 112,1992,Obsolete,Historical catalog listing from 1992; listing and catalog price are no longer current.,Unverified,Unverified,Historical,LEDs & Indicators > LED Lenses and Mounts,"CUBELITE T1 square lens mount, low profile",VCC / Visual Communications Company,50F6531,SMQ 250 CTP PKG,,Clear,10,3.1,LED lens/mount package; catalog page states standard packages of 10.,187,167,High,
NWK112-0099,Newark Electronics Catalog 112,1992,Obsolete,Historical catalog listing from 1992; listing and catalog price are no longer current.,Unverified,Unverified,Historical,LEDs & Indicators > LED Lenses and Mounts,"CUBELITE T1-3/4 square lens mount, low profile",VCC / Visual Communications Company,50F6507,SQB 400 RTP PKG,,Red,10,3.4,LED lens/mount package; catalog page states standard packages of 10.,187,167,High,
NWK112-0100,Newark Electronics Catalog 112,1992,Obsolete,Historical catalog listing from 1992; listing and catalog price are no longer current.,Unverified,Unverified,Historical,LEDs & Indicators > LED Lenses and Mounts,"CUBELITE T1-3/4 square lens mount, low profile",VCC / Visual Communications Company,50F6509,SQB 400 ATP PKG,,Amber,10,3.4,LED lens/mount package; catalog page states standard packages of 10.,187,167,High,
NWK112-0101,Newark Electronics Catalog 112,1992,Obsolete,Historical catalog listing from 1992; listing and catalog price are no longer current.,Unverified,Unverified,Historical,LEDs & Indicators > LED Lenses and Mounts,"CUBELITE T1-3/4 square lens mount, low profile",VCC / Visual Communications Company,50F6508,SQB 400 GTP PKG,,Green,10,3.4,LED lens/mount package; catalog page states standard packages of 10.,187,167,High,
NWK112-0102,Newark Electronics Catalog 112,1992,Obsolete,Historical catalog listing from 1992; listing and catalog price are no longer current.,Unverified,Unverified,Historical,LEDs & Indicators > LED Lenses and Mounts,"CUBELITE T1-3/4 square lens mount, low profile",VCC / Visual Communications Company,50F6510,SQB 400 YTP PKG,,Yellow,10,3.4,LED lens/mount package; catalog page states standard packages of 10.,187,167,High,
NWK112-0103,Newark Electronics Catalog 112,1992,Obsolete,Historical catalog listing from 1992; listing and catalog price are no longer current.,Unverified,Unverified,Historical,LEDs & Indicators > LED Lenses and Mounts,"CUBELITE T1-3/4 square lens mount, low profile",VCC / Visual Communications Company,50F6511,SQB 400 CTP PKG,,Clear,10,3.4,LED lens/mount package; catalog page states standard packages of 10.,187,167,High,
NWK112-0104,Newark Electronics Catalog 112,1992,Obsolete,Historical catalog listing from 1992; listing and catalog price are no longer current.,Unverified,Unverified,Historical,LEDs & Indicators > LED Lenses and Mounts,"CUBELITE T1-3/4 square lens mount, standard height",VCC / Visual Communications Company,50F6512,SQL 360 RTP PKG,,Red,10,3.6,LED lens/mount package; catalog page states standard packages of 10.,187,167,High,
NWK112-0105,Newark Electronics Catalog 112,1992,Obsolete,Historical catalog listing from 1992; listing and catalog price are no longer current.,Unverified,Unverified,Historical,LEDs & Indicators > LED Lenses and Mounts,"CUBELITE T1-3/4 square lens mount, standard height",VCC / Visual Communications Company,50F6514,SQL 360 ATP PKG,,Amber,10,3.6,LED lens/mount package; catalog page states standard packages of 10.,187,167,High,
NWK112-0106,Newark Electronics Catalog 112,1992,Obsolete,Historical catalog listing from 1992; listing and catalog price are no longer current.,Unverified,Unverified,Historical,LEDs & Indicators > LED Lenses and Mounts,"CUBELITE T1-3/4 square lens mount, standard height",VCC / Visual Communications Company,50F6513,SQL 360 GTP PKG,,Green,10,3.6,LED lens/mount package; catalog page states standard packages of 10.,187,167,High,
NWK112-0107,Newark Electronics Catalog 112,1992,Obsolete,Historical catalog listing from 1992; listing and catalog price are no longer current.,Unverified,Unverified,Historical,LEDs & Indicators > LED Lenses and Mounts,"CUBELITE T1-3/4 square lens mount, standard height",VCC / Visual Communications Company,50F6515,SQL 360 YTP PKG,,Yellow,10,3.6,LED lens/mount package; catalog page states standard packages of 10.,187,167,High,
NWK112-0108,Newark Electronics Catalog 112,1992,Obsolete,Historical catalog listing from 1992; listing and catalog price are no longer current.,Unverified,Unverified,Historical,LEDs & Indicators > LED Lenses and Mounts,"CUBELITE T1-3/4 square lens mount, standard height",VCC / Visual Communications Company,50F6516,SQL 360 CTP PKG,,Clear,10,3.6,LED lens/mount package; catalog page states standard packages of 10.,187,167,High,
NWK112-0109,Newark Electronics Catalog 112,1992,Obsolete,Historical catalog listing from 1992; listing and catalog price are no longer current.,Unverified,Unverified,Historical,LEDs & Indicators > LED Lenses and Mounts,SPC 125 spacer,VCC / Visual Communications Company,50F6590,SPC 125 PKG,,,10,1.0,Spacer for CLB and SQB series and thinner panels.,187,167,High,
NWK112-0110,Newark Electronics Catalog 112,1992,Obsolete,Historical catalog listing from 1992; listing and catalog price are no longer current.,Unverified,Unverified,Historical,LEDs & Indicators > PCB Mounts,P-C-LITE PCB mount,VCC / Visual Communications Company,50F6532,PCL 490 PKG,,,10,3.4,PCB mount for T1 or T1-3/4 LED lens assemblies.,187,167,High,
NWK112-0111,Newark Electronics Catalog 112,1992,Obsolete,Historical catalog listing from 1992; listing and catalog price are no longer current.,Unverified,Unverified,Historical,LEDs & Indicators > PCB Mounts,P-C-LITE PCB mount,VCC / Visual Communications Company,50F6580,PCR 740 PKG,,,10,3.6,PCB mount for T1 or T1-3/4 LED lens assemblies.,187,167,High,
NWK112-0112,Newark Electronics Catalog 112,1992,Obsolete,Historical catalog listing from 1992; listing and catalog price are no longer current.,Unverified,Unverified,Historical,LEDs & Indicators > PCB Sockets,P-C-LITE PCB socket,VCC / Visual Communications Company,50F6533,PCH330 PKG,,Horizontal,10,7.6,PCB socket for T1 or T1-3/4 LEDs.,187,167,High,
NWK112-0113,Newark Electronics Catalog 112,1992,Obsolete,Historical catalog listing from 1992; listing and catalog price are no longer current.,Unverified,Unverified,Historical,LEDs & Indicators > PCB Sockets,P-C-LITE PCB socket,VCC / Visual Communications Company,50F6534,PCH660 PKG,,Horizontal,10,11.4,PCB socket for T1 or T1-3/4 LEDs.,187,167,High,
NWK112-0114,Newark Electronics Catalog 112,1992,Obsolete,Historical catalog listing from 1992; listing and catalog price are no longer current.,Unverified,Unverified,Historical,LEDs & Indicators > PCB Sockets,P-C-LITE PCB socket,VCC / Visual Communications Company,50F6535,PCH990 PKG,,Horizontal,10,17.9,PCB socket for T1 or T1-3/4 LEDs.,187,167,High,
NWK112-0115,Newark Electronics Catalog 112,1992,Obsolete,Historical catalog listing from 1992; listing and catalog price are no longer current.,Unverified,Unverified,Historical,LEDs & Indicators > PCB Sockets,P-C-LITE PCB socket,VCC / Visual Communications Company,50F6539,SMD330 PKG,,Surface,10,7.6,PCB socket for T1 or T1-3/4 LEDs.,187,167,High,
NWK112-0116,Newark Electronics Catalog 112,1992,Obsolete,Historical catalog listing from 1992; listing and catalog price are no longer current.,Unverified,Unverified,Historical,LEDs & Indicators > PCB Sockets,P-C-LITE PCB socket,VCC / Visual Communications Company,50F6540,SMD660 PKG,,Surface,10,11.4,PCB socket for T1 or T1-3/4 LEDs.,187,167,High,
NWK112-0117,Newark Electronics Catalog 112,1992,Obsolete,Historical catalog listing from 1992; listing and catalog price are no longer current.,Unverified,Unverified,Historical,LEDs & Indicators > PCB Sockets,P-C-LITE PCB socket,VCC / Visual Communications Company,50F6541,SMD990 PKG,,Surface,10,17.9,PCB socket for T1 or T1-3/4 LEDs.,187,167,High,
NWK112-0118,Newark Electronics Catalog 112,1992,Obsolete,Historical catalog listing from 1992; listing and catalog price are no longer current.,Unverified,Unverified,Historical,LEDs & Indicators > PCB Sockets,P-C-LITE PCB socket,VCC / Visual Communications Company,50F6536,PCV220 PKG,,Vertical,10,7.6,PCB socket for T1 or T1-3/4 LEDs.,187,167,High,
NWK112-0119,Newark Electronics Catalog 112,1992,Obsolete,Historical catalog listing from 1992; listing and catalog price are no longer current.,Unverified,Unverified,Historical,LEDs & Indicators > PCB Sockets,P-C-LITE PCB socket,VCC / Visual Communications Company,50F6537,PCV440 PKG,,Vertical,10,11.4,PCB socket for T1 or T1-3/4 LEDs.,187,167,High,
NWK112-0120,Newark Electronics Catalog 112,1992,Obsolete,Historical catalog listing from 1992; listing and catalog price are no longer current.,Unverified,Unverified,Historical,LEDs & Indicators > PCB Sockets,P-C-LITE PCB socket,VCC / Visual Communications Company,50F6538,PCV880 PKG,,Vertical,10,17.9,PCB socket for T1 or T1-3/4 LEDs.,187,167,High,
NWK112-0121,Newark Electronics Catalog 112,1992,Obsolete,Historical catalog listing from 1992; listing and catalog price are no longer current.,Unverified,Unverified,Historical,LEDs & Indicators > PCB Sockets,P-C-LITE PCB socket,VCC / Visual Communications Company,50F6542,SMV200 PKG,,Vertical,10,7.6,PCB socket for T1 or T1-3/4 LEDs.,187,167,High,
NWK112-0122,Newark Electronics Catalog 112,1992,Obsolete,Historical catalog listing from 1992; listing and catalog price are no longer current.,Unverified,Unverified,Historical,LEDs & Indicators > PCB Component Standoffs,PCB component standoff,VCC / Visual Communications Company,50F6551,STD 120 PKG,,0.120 inch length,10,1.1,Cylindrical component standoff; center barrier protects leads.,187,167,High,
NWK112-0123,Newark Electronics Catalog 112,1992,Obsolete,Historical catalog listing from 1992; listing and catalog price are no longer current.,Unverified,Unverified,Historical,LEDs & Indicators > PCB Component Standoffs,PCB component standoff,VCC / Visual Communications Company,50F6552,STD 140 PKG,,0.140 inch length,10,1.1,Cylindrical component standoff; center barrier protects leads.,187,167,High,
NWK112-0124,Newark Electronics Catalog 112,1992,Obsolete,Historical catalog listing from 1992; listing and catalog price are no longer current.,Unverified,Unverified,Historical,LEDs & Indicators > PCB Component Standoffs,PCB component standoff,VCC / Visual Communications Company,50F6553,STD 160 PKG,,0.160 inch length,10,1.1,Cylindrical component standoff; center barrier protects leads.,187,167,High,
NWK112-0125,Newark Electronics Catalog 112,1992,Obsolete,Historical catalog listing from 1992; listing and catalog price are no longer current.,Unverified,Unverified,Historical,LEDs & Indicators > PCB Component Standoffs,PCB component standoff,VCC / Visual Communications Company,50F6554,STD 180 PKG,,0.180 inch length,10,1.1,Cylindrical component standoff; center barrier protects leads.,187,167,High,
NWK112-0126,Newark Electronics Catalog 112,1992,Obsolete,Historical catalog listing from 1992; listing and catalog price are no longer current.,Unverified,Unverified,Historical,LEDs & Indicators > PCB Component Standoffs,PCB component standoff,VCC / Visual Communications Company,50F6555,STD 200 PKG,,0.200 inch length,10,1.1,Cylindrical component standoff; center barrier protects leads.,187,167,High,
NWK112-0127,Newark Electronics Catalog 112,1992,Obsolete,Historical catalog listing from 1992; listing and catalog price are no longer current.,Unverified,Unverified,Historical,LEDs & Indicators > PCB Component Standoffs,PCB component standoff,VCC / Visual Communications Company,50F6556,STD 220 PKG,,0.220 inch length,10,1.1,Cylindrical component standoff; center barrier protects leads.,187,167,High,
NWK112-0128,Newark Electronics Catalog 112,1992,Obsolete,Historical catalog listing from 1992; listing and catalog price are no longer current.,Unverified,Unverified,Historical,LEDs & Indicators > PCB Component Standoffs,PCB component standoff,VCC / Visual Communications Company,50F6557,STD 240 PKG,,0.240 inch length,10,1.1,Cylindrical component standoff; center barrier protects leads.,187,167,High,
NWK112-0129,Newark Electronics Catalog 112,1992,Obsolete,Historical catalog listing from 1992; listing and catalog price are no longer current.,Unverified,Unverified,Historical,LEDs & Indicators > PCB Component Standoffs,PCB component standoff,VCC / Visual Communications Company,50F6558,STD 250 PKG,,0.250 inch length,10,1.1,Cylindrical component standoff; center barrier protects leads.,187,167,High,
NWK112-0130,Newark Electronics Catalog 112,1992,Obsolete,Historical catalog listing from 1992; listing and catalog price are no longer current.,Unverified,Unverified,Historical,LEDs & Indicators > PCB Component Standoffs,PCB component standoff,VCC / Visual Communications Company,50F6559,STD 260 PKG,,0.260 inch length,10,1.1,Cylindrical component standoff; center barrier protects leads.,187,167,High,
NWK112-0131,Newark Electronics Catalog 112,1992,Obsolete,Historical catalog listing from 1992; listing and catalog price are no longer current.,Unverified,Unverified,Historical,LEDs & Indicators > PCB Component Standoffs,PCB component standoff,VCC / Visual Communications Company,50F6560,STD 280 PKG,,0.280 inch length,10,1.1,Cylindrical component standoff; center barrier protects leads.,187,167,High,
NWK112-0132,Newark Electronics Catalog 112,1992,Obsolete,Historical catalog listing from 1992; listing and catalog price are no longer current.,Unverified,Unverified,Historical,LEDs & Indicators > PCB Component Standoffs,PCB component standoff,VCC / Visual Communications Company,50F6561,STD 300 PKG,,0.300 inch length,10,1.1,Cylindrical component standoff; center barrier protects leads.,187,167,High,
NWK112-0133,Newark Electronics Catalog 112,1992,Obsolete,Historical catalog listing from 1992; listing and catalog price are no longer current.,Unverified,Unverified,Historical,LEDs & Indicators > PCB Component Standoffs,PCB component standoff,VCC / Visual Communications Company,50F6562,STD 320 PKG,,0.320 inch length,10,1.1,Cylindrical component standoff; center barrier protects leads.,187,167,High,
NWK112-0134,Newark Electronics Catalog 112,1992,Obsolete,Historical catalog listing from 1992; listing and catalog price are no longer current.,Unverified,Unverified,Historical,LEDs & Indicators > PCB Component Standoffs,PCB component standoff,VCC / Visual Communications Company,50F6563,STD 340 PKG,,0.340 inch length,10,1.1,Cylindrical component standoff; center barrier protects leads.,187,167,High,
NWK112-0135,Newark Electronics Catalog 112,1992,Obsolete,Historical catalog listing from 1992; listing and catalog price are no longer current.,Unverified,Unverified,Historical,LEDs & Indicators > PCB Component Standoffs,PCB component standoff,VCC / Visual Communications Company,50F6564,STD 360 PKG,,0.360 inch length,10,1.1,Cylindrical component standoff; center barrier protects leads.,187,167,High,
NWK112-0136,Newark Electronics Catalog 112,1992,Obsolete,Historical catalog listing from 1992; listing and catalog price are no longer current.,Unverified,Unverified,Historical,LEDs & Indicators > PCB Component Standoffs,PCB component standoff,VCC / Visual Communications Company,50F6565,STD 380 PKG,,0.380 inch length,10,1.1,Cylindrical component standoff; center barrier protects leads.,187,167,High,
NWK112-0137,Newark Electronics Catalog 112,1992,Obsolete,Historical catalog listing from 1992; listing and catalog price are no longer current.,Unverified,Unverified,Historical,LEDs & Indicators > PCB Component Standoffs,PCB component standoff,VCC / Visual Communications Company,50F6566,STD 400 PKG,,0.400 inch length,10,1.1,Cylindrical component standoff; center barrier protects leads.,187,167,High,
NWK112-0138,Newark Electronics Catalog 112,1992,Obsolete,Historical catalog listing from 1992; listing and catalog price are no longer current.,Unverified,Unverified,Historical,LEDs & Indicators > PCB Component Standoffs,PCB component standoff,VCC / Visual Communications Company,50F6567,STD 420 PKG,,0.420 inch length,10,1.1,Cylindrical component standoff; center barrier protects leads.,187,167,High,
NWK112-0139,Newark Electronics Catalog 112,1992,Obsolete,Historical catalog listing from 1992; listing and catalog price are no longer current.,Unverified,Unverified,Historical,LEDs & Indicators > PCB Component Standoffs,PCB component standoff,VCC / Visual Communications Company,50F6568,STD 440 PKG,,0.440 inch length,10,1.1,Cylindrical component standoff; center barrier protects leads.,187,167,High,
NWK112-0140,Newark Electronics Catalog 112,1992,Obsolete,Historical catalog listing from 1992; listing and catalog price are no longer current.,Unverified,Unverified,Historical,LEDs & Indicators > PCB Component Standoffs,PCB component standoff,VCC / Visual Communications Company,50F6569,STD 460 PKG,,0.460 inch length,10,1.1,Cylindrical component standoff; center barrier protects leads.,187,167,High,
NWK112-0141,Newark Electronics Catalog 112,1992,Obsolete,Historical catalog listing from 1992; listing and catalog price are no longer current.,Unverified,Unverified,Historical,LEDs & Indicators > PCB Component Standoffs,PCB component standoff,VCC / Visual Communications Company,50F6570,STD 480 PKG,,0.480 inch length,10,1.1,Cylindrical component standoff; center barrier protects leads.,187,167,High,
NWK112-0142,Newark Electronics Catalog 112,1992,Obsolete,Historical catalog listing from 1992; listing and catalog price are no longer current.,Unverified,Unverified,Historical,LEDs & Indicators > PCB Component Standoffs,PCB component standoff,VCC / Visual Communications Company,50F6571,STD 500 PKG,,0.500 inch length,10,1.3,Cylindrical component standoff; center barrier protects leads.,187,167,High,
NWK112-0143,Newark Electronics Catalog 112,1992,Obsolete,Historical catalog listing from 1992; listing and catalog price are no longer current.,Unverified,Unverified,Historical,LEDs & Indicators > PCB Component Standoffs,PCB component standoff,VCC / Visual Communications Company,50F6572,STD 550 PKG,,0.550 inch length,10,1.3,Cylindrical component standoff; center barrier protects leads.,187,167,High,
NWK112-0144,Newark Electronics Catalog 112,1992,Obsolete,Historical catalog listing from 1992; listing and catalog price are no longer current.,Unverified,Unverified,Historical,LEDs & Indicators > PCB Component Standoffs,PCB component standoff,VCC / Visual Communications Company,50F6573,STD 600 PKG,,0.600 inch length,10,1.3,Cylindrical component standoff; center barrier protects leads.,187,167,High,
NWK112-0145,Newark Electronics Catalog 112,1992,Obsolete,Historical catalog listing from 1992; listing and catalog price are no longer current.,Unverified,Unverified,Historical,LEDs & Indicators > PCB Component Standoffs,PCB component standoff,VCC / Visual Communications Company,50F6574,STD 650 PKG,,0.650 inch length,10,1.3,Cylindrical component standoff; center barrier protects leads.,187,167,High,
NWK112-0146,Newark Electronics Catalog 112,1992,Obsolete,Historical catalog listing from 1992; listing and catalog price are no longer current.,Unverified,Unverified,Historical,LEDs & Indicators > PCB Component Standoffs,PCB component standoff,VCC / Visual Communications Company,50F6575,STD 700 PKG,,0.700 inch length,10,1.3,Cylindrical component standoff; center barrier protects leads.,187,167,High,
NWK112-0147,Newark Electronics Catalog 112,1992,Obsolete,Historical catalog listing from 1992; listing and catalog price are no longer current.,Unverified,Unverified,Historical,LEDs & Indicators > PCB Component Standoffs,PCB component standoff,VCC / Visual Communications Company,50F6576,STD 750 PKG,,0.750 inch length,10,1.3,Cylindrical component standoff; center barrier protects leads.,187,167,High,
NWK112-0148,Newark Electronics Catalog 112,1992,Obsolete,Historical catalog listing from 1992; listing and catalog price are no longer current.,Unverified,Unverified,Historical,LEDs & Indicators > PCB Component Standoffs,PCB component standoff,VCC / Visual Communications Company,50F6577,STD 800 PKG,,0.800 inch length,10,1.3,Cylindrical component standoff; center barrier protects leads.,187,167,High,
NWK112-0149,Newark Electronics Catalog 112,1992,Obsolete,Historical catalog listing from 1992; listing and catalog price are no longer current.,Unverified,Unverified,Historical,LEDs & Indicators > PCB Component Standoffs,PCB component standoff,VCC / Visual Communications Company,50F6578,STD 850 PKG,,0.850 inch length,10,1.3,Cylindrical component standoff; center barrier protects leads.,187,167,High,
NWK112-0150,Newark Electronics Catalog 112,1992,Obsolete,Historical catalog listing from 1992; listing and catalog price are no longer current.,Unverified,Unverified,Historical,LEDs & Indicators > PCB Component Standoffs,PCB component standoff,VCC / Visual Communications Company,50F6579,STD 900 PKG,,0.900 inch length,10,1.3,Cylindrical component standoff; center barrier protects leads.,187,167,High,
NWK112-0151,Newark Electronics Catalog 112,1992,Obsolete,Historical catalog listing from 1992; listing and catalog price are no longer current.,Unverified,Unverified,Historical,LEDs & Indicators > Subminiature Incandescent Indicators,Subminiature incandescent indicator,VCC / Visual Communications Company,50F6543,05 020 W06 PKG,,6-inch wire leads; volts/amps 5/20; MSCP 0.02,10,12.0,Subminiature incandescent indicator for use with CLIPLITE/CUBELITE assemblies.,187,167,High,
NWK112-0152,Newark Electronics Catalog 112,1992,Obsolete,Historical catalog listing from 1992; listing and catalog price are no longer current.,Unverified,Unverified,Historical,LEDs & Indicators > Subminiature Incandescent Indicators,Subminiature incandescent indicator,VCC / Visual Communications Company,50F6545,05 060 W06 PKG,,6-inch wire leads; volts/amps 6/60; MSCP 0.05,10,11.1,Subminiature incandescent indicator for use with CLIPLITE/CUBELITE assemblies.,187,167,High,
NWK112-0153,Newark Electronics Catalog 112,1992,Obsolete,Historical catalog listing from 1992; listing and catalog price are no longer current.,Unverified,Unverified,Historical,LEDs & Indicators > Subminiature Incandescent Indicators,Subminiature incandescent indicator,VCC / Visual Communications Company,50F6547,14 040 W06 PKG,,6-inch wire leads; volts/amps 14/40; MSCP 0.14,10,14.3,Subminiature incandescent indicator for use with CLIPLITE/CUBELITE assemblies.,187,167,High,
NWK112-0154,Newark Electronics Catalog 112,1992,Obsolete,Historical catalog listing from 1992; listing and catalog price are no longer current.,Unverified,Unverified,Historical,LEDs & Indicators > Subminiature Incandescent Indicators,Subminiature incandescent indicator,VCC / Visual Communications Company,50F6549,28 024 W06 PKG,,6-inch wire leads; volts/amps 28/24; MSCP 0.15,10,23.4,Subminiature incandescent indicator for use with CLIPLITE/CUBELITE assemblies.,187,167,High,
NWK112-0155,Newark Electronics Catalog 112,1992,Obsolete,Historical catalog listing from 1992; listing and catalog price are no longer current.,Unverified,Unverified,Historical,LEDs & Indicators > Subminiature Incandescent Indicators,Subminiature incandescent indicator,VCC / Visual Communications Company,50F6544,05 020 PIN PKG,,1-inch bi-pin leads; volts/amps 5/20; MSCP 0.02,10,12.0,Subminiature incandescent indicator for use with CLIPLITE/CUBELITE assemblies.,187,167,High,
NWK112-0156,Newark Electronics Catalog 112,1992,Obsolete,Historical catalog listing from 1992; listing and catalog price are no longer current.,Unverified,Unverified,Historical,LEDs & Indicators > Subminiature Incandescent Indicators,Subminiature incandescent indicator,VCC / Visual Communications Company,50F6546,05 060 PIN PKG,,1-inch bi-pin leads; volts/amps 6/60; MSCP 0.05,10,11.1,Subminiature incandescent indicator for use with CLIPLITE/CUBELITE assemblies.,187,167,High,
NWK112-0157,Newark Electronics Catalog 112,1992,Obsolete,Historical catalog listing from 1992; listing and catalog price are no longer current.,Unverified,Unverified,Historical,LEDs & Indicators > Subminiature Incandescent Indicators,Subminiature incandescent indicator,VCC / Visual Communications Company,50F6548,14 040 PIN PKG,,1-inch bi-pin leads; volts/amps 14/40; MSCP 0.14,10,14.3,Subminiature incandescent indicator for use with CLIPLITE/CUBELITE assemblies.,187,167,High,
NWK112-0158,Newark Electronics Catalog 112,1992,Obsolete,Historical catalog listing from 1992; listing and catalog price are no longer current.,Unverified,Unverified,Historical,LEDs & Indicators > Subminiature Incandescent Indicators,Subminiature incandescent indicator,VCC / Visual Communications Company,50F6550,28 024 PIN PKG,,1-inch bi-pin leads; volts/amps 28/24; MSCP 0.15,10,23.4,Subminiature incandescent indicator for use with CLIPLITE/CUBELITE assemblies.,187,167,High,
