pid,dimension_order,dimension_name,member_count,example_members
14100189,1,Overtime,2,Excluding overtime | Including overtime
14100189,2,Estimates,2,Average hourly earnings | Average weekly hours
14100189,3,"Standard Industrial Classification, 1980 (SIC)",280,"Accommodation service industries | Accommodation, food and beverage service industries | Accounting and bookkeeping services | Advertising services | Agricultural chemical industries | Agricultural implement industry | Air transport industries | Aircraft and aircraft parts industry | Aluminum rolling, casting and extruding industry | Amusement and recreational service industries | Apparel and dry goods industries, wholesale | Apparel, wholesale | Appliance, television, radio and stereo stores | Architectural, engineering and other scientific and technical services | Asphalt roofing industry | Auto and trucking rental and leasing services | Automobile dealers | Automotive parts and accessories stores | Automotive vehicles, parts and accessories industries, sales and service | Bakery products industries"
14100189,4,Seasonal adjustment,2,Seasonally adjusted | Unadjusted
14100306,1,Wages,5,"Average hourly wage rate | Average weekly wage rate | Median hourly wage rate | Median weekly wage rate | Total employees, all wages"
14100306,2,Type of work,3,Both full- and part-time employees | Full-time employees | Part-time employees
14100306,3,National Occupational Classification (NOC),51,"Administrative and financial supervisors and administrative occupations [12] | Assemblers in manufacturing [95] | Assisting occupations in support of health services [34] | Business, finance and administration occupations [1] | Care providers and educational, legal and public protection support occupations [44] | Distribution, tracking and scheduling co-ordination occupations [15] | Finance, insurance and related business administrative occupations [13] | Harvesting, landscaping and natural resources labourers [86] | Health occupations [3] | Industrial, electrical and construction trades [72] | Labourers in processing, manufacturing and utilities [96] | Maintenance and equipment operation trades [73] | Management occupations [0] | Middle management occupations in retail and wholesale trade and customer services [06] | Middle management occupations in trades, transportation, production and utilities [07-09] | Natural and applied sciences and related occupations [2] | Natural resources, agriculture and related production occupations [8] | Occupations in art, culture, recreation and sport [5] | Occupations in education, law and social, community and government services [4] | Occupations in front-line public protection services [43]"
14100306,4,Sex,3,Both sexes | Females | Males
14100306,5,Age group,4,15 to 24 years | 15 years and over | 25 to 54 years | 55 years and over
17100060,1,Marital status,6,"Marital status, divorced (not living common law) | Marital status, married (and not separated) | Marital status, separated (not living common law) | Marital status, single (not living common law) | Marital status, widowed (not living common law) | Total marital status"
17100060,2,Sex,3,Both sexes | Females | Males
17100060,3,Age group,97,0 to 14 years | 15 to 19 years | 15 to 44 years | 15 years | 15 years and over | 16 years | 17 years | 18 years | 19 years | 20 to 24 years | 20 years | 21 years | 22 years | 23 years | 24 years | 25 to 29 years | 25 years | 26 years | 27 years | 28 years
17100061,1,Family,3,Couple families | Lone-parent families | Total census families
17100068,1,Population,3,Rural population | Total population | Urban population
17100069,1,Population,5,"Population in incorporated centres of 1,000 to 4,999 persons | Population in incorporated centres of 100,000 persons and over | Population in incorporated centres of 30,000 to 99,999 persons | Population in incorporated centres of 5,000 to 29,999 persons | Total population"
18100005,1,Products and product groups,333,"Air transportation | Alcoholic beverages | Alcoholic beverages purchased from stores | Alcoholic beverages served in licensed establishments | Alcoholic beverages, tobacco products and recreational cannabis | All other food preparations | All other miscellaneous food preparations (2013=100) | All other passenger vehicle operating expenses | All-items | All-items (1992=100) | All-items excluding alcoholic beverages and recreational cannabis | All-items excluding alcoholic beverages, tobacco products and smokers' supplies and recreational cannabis | All-items excluding eight of the most volatile components as defined by the Bank of Canada | All-items excluding eight of the most volatile components as defined by the Bank of Canada and excluding the effect of changes in indirect taxes | All-items excluding energy | All-items excluding food | All-items excluding food and energy | All-items excluding gasoline | All-items excluding mortgage interest cost | All-items excluding shelter"
22100106,1,Average expenditure on goods and services ordered over the Internet,6,"Digital goods or services | Other services | Peer-to-peer accommodation services | Peer-to-peer ride services | Physical goods | Total, average expenditure per person "
22100106,2,Age group,5,"Internet users aged 15 to 24 years | Internet users aged 25 to 44 years | Internet users aged 45 to 64 years | Internet users aged 65 years and over | Total, Internet users aged 15 years and over"
33100395,1,Employment size,9,"1 to 4 employees | 10 to 19 employees | 100 to 199 employees | 20 to 49 employees | 200 to 499 employees | 5 to 9 employees | 50 to 99 employees | 500 plus employees | Total, with employees"
33100395,2,North American Industry Classification System (NAICS),1370,"Aboriginal public administration [914110] | Aboriginal public administration [9141] | Aboriginal public administration [914] | Abrasive product manufacturing [327910] | Accident and sickness reinsurance carriers [524132] | Accommodation and food services [72] | Accommodation services [721] | Accounting, tax preparation, bookkeeping and payroll services [5412] | Activities related to credit intermediation [5223] | Activities related to real estate [5313] | Adhesive manufacturing [325520] | Administrative and support services [561] | Administrative and support, waste management and remediation services [56] | Administrative management and general management consulting services [541611] | Advertising agencies [541810] | Advertising material distribution services [541870] | Advertising, public relations, and related services [5418] | Aerospace product and parts manufacturing [336410] | Aerospace product and parts manufacturing [3364] | Agencies, brokerages and other insurance related activities [5242]"
33100396,1,North American Industry Classification System (NAICS),1351,"Aboriginal public administration [914110] | Aboriginal public administration [9141] | Aboriginal public administration [914] | Abrasive product manufacturing [327910] | Accident and sickness reinsurance carriers [524132] | Accommodation and food services [72] | Accommodation services [721] | Accounting, tax preparation, bookkeeping and payroll services [5412] | Activities related to credit intermediation [5223] | Activities related to real estate [5313] | Adhesive manufacturing [325520] | Administrative and support services [561] | Administrative and support, waste management and remediation services [56] | Administrative management and general management consulting services [541611] | Advertising agencies [541810] | Advertising material distribution services [541870] | Advertising, public relations, and related services [5418] | Aerospace product and parts manufacturing [336410] | Aerospace product and parts manufacturing [3364] | Agencies, brokerages and other insurance related activities [5242]"
33100397,1,Employment size,9,"1 to 4 employees | 10 to 19 employees | 100 to 199 employees | 20 to 49 employees | 200 to 499 employees | 5 to 9 employees | 50 to 99 employees | 500 plus employees | Total, with employees"
33100397,2,North American Industry Classification System (NAICS),448,"Aboriginal public administration [9141] | Aboriginal public administration [914] | Accommodation and food services [72] | Accommodation services [721] | Accounting, tax preparation, bookkeeping and payroll services [5412] | Activities related to credit intermediation [5223] | Activities related to real estate [5313] | Administrative and support services [561] | Administrative and support, waste management and remediation services [56] | Advertising, public relations, and related services [5418] | Aerospace product and parts manufacturing [3364] | Agencies, brokerages and other insurance related activities [5242] | Agents and managers for artists, athletes, entertainers and other public figures [7114] | Agricultural supplies merchant wholesalers [4183] | Agricultural, construction and mining machinery manufacturing [3331] | Agriculture, forestry, fishing and hunting [11] | Air transportation [481] | Alumina and aluminum production and processing [3313] | Ambulatory health care services [621] | Amusement parks and arcades [7131]"
37100182,1,International Standard Classification of Education (ISCED),8,"Bachelor's or equivalent | Doctoral or equivalent | Master's or equivalent | Not applicable, International Standard Classification of Education (ISCED) | Post-secondary non-tertiary education | Short-cycle tertiary education | Total, International Standard Classification of Education (ISCED) | Upper secondary education"
37100182,2,Field of study,403,"Aboriginal and foreign languages, literatures and linguistics [16] | Aboriginal and foreign languages, literatures and linguistics, other [16.99] | Aboriginal languages, literatures and linguistics [16.10] | Accounting and computer science [30.16] | Accounting and related services [52.03] | Advanced/graduate dentistry and oral sciences (Cert., MS, MSc, PhD) [51.05] | Aerospace, aeronautical and astronautical/space engineering [14.02] | African languages, literatures and linguistics [16.02] | Agricultural and domestic animal services [1.05] | Agricultural and food products processing (except cannabis) [1.04c] | Agricultural business and management [1.01] | Agricultural engineering [14.03] | Agricultural mechanization [1.02] | Agricultural production operations [1.03] | Agricultural public services [1.08] | Agriculture, agriculture operations and related sciences (except cannabis) [1.c] | Agriculture, agriculture operations and related sciences, other [1.99] | Agriculture, general [1.00] | Air transportation [49.01] | Allied health and medical assisting services [51.08]"
37100182,3,Institution type,3,"College | Total, institution type | University"
37100182,4,Registration status,3,"Full-time student | Part-time student | Total, registration status"
37100182,5,Gender,4,"Female gender | Gender unknown | Male gender | Total, gender"
37100182,6,Selected academic period,1,Fall snapshot
37100183,1,International Standard Classification of Education (ISCED),8,"Bachelor's or equivalent | Doctoral or equivalent | Master's or equivalent | Not applicable, International Standard Classification of Education (ISCED) | Post-secondary non-tertiary education | Short-cycle tertiary education | Total, International Standard Classification of Education (ISCED) | Upper secondary education"
37100183,2,Field of study,407,"Aboriginal and foreign languages, literatures and linguistics [16] | Aboriginal and foreign languages, literatures and linguistics, other [16.99] | Aboriginal languages, literatures and linguistics [16.10] | Accounting and computer science [30.16] | Accounting and related services [52.03] | Advanced/graduate dentistry and oral sciences (Cert., MS, MSc, PhD) [51.05] | Aerospace, aeronautical and astronautical/space engineering [14.02] | African languages, literatures and linguistics [16.02] | Agricultural and domestic animal services [1.05] | Agricultural and food products processing (except cannabis) [1.04c] | Agricultural business and management [1.01] | Agricultural engineering [14.03] | Agricultural mechanization [1.02] | Agricultural production operations [1.03] | Agricultural public services [1.08] | Agriculture, agriculture operations and related sciences (except cannabis) [1.c] | Agriculture, agriculture operations and related sciences, other [1.99] | Agriculture, general [1.00] | Air transportation [49.01] | Allied health and medical assisting services [51.08]"
37100183,3,Institution type,3,"College | Total, institution type | University"
37100183,4,Gender,4,"Female gender | Gender unknown | Male gender | Total, gender"
37100184,1,International Standard Classification of Education (ISCED),3,"Post-secondary non-tertiary education | Total, International Standard Classification of Education (ISCED) | Upper secondary education"
37100184,2,Institution type,3,"College | Total, institution type | University"
37100184,3,"Classification of Instructional Programs, STEM and BHASE groupings",14,"Arts and humanities [b.2] | BHASE [b] | Business and administration [b.1] | Education and teaching [b.6] | Engineering and engineering technology [a.2] | Health care [b.5] | Legal professions and studies [b.4] | Mathematics and computer and information sciences [a.3] | STEM [a] | Science and science technology [a.1] | Social and behavioural sciences [b.3] | Total, instructional program | Trades, services, natural resources and conservation [b.7] | Unclassified"
37100184,4,Status of student in Canada,4,"Canadian students | International students | Not reported, status of student in Canada | Total, status of student in Canada"
37100184,5,Country of citizenship,252,Afghanistan [41004] | Africa [3] | Albania [24008] | Algeria [33012] | American Samoa [51016] | Americas [1] | Andorra [24020] | Angola [34024] | Anguilla [13660] | Antigua and Barbuda [13028] | Argentina [14032] | Armenia [41051] | Aruba [13533] | Asia [4] | Australia [51036] | Austria [21040] | Azerbaijan [41031] | Bahamas [13044] | Bahrain [41048] | Bangladesh [44050]
37100184,6,Gender,4,"Female gender | Gender unknown | Male gender | Total, gender"
37100184,7,Selected academic period,1,Fall snapshot
37100185,1,International Standard Classification of Education (ISCED),4,"Post-secondary non-tertiary education | Short-cycle tertiary education | Total, International Standard Classification of Education (ISCED) | Upper secondary education"
37100185,2,Institution type,3,"College | Total, institution type | University"
37100185,3,"Classification of Instructional Programs, STEM and BHASE groupings",14,"Arts and humanities [b.2] | BHASE [b] | Business and administration [b.1] | Education and teaching [b.6] | Engineering and engineering technology [a.2] | Health care [b.5] | Legal professions and studies [b.4] | Mathematics and computer and information sciences [a.3] | STEM [a] | Science and science technology [a.1] | Social and behavioural sciences [b.3] | Total, instructional program | Trades, services, natural resources and conservation [b.7] | Unclassified"
37100185,4,Status of student in Canada,4,"Canadian students | International students | Not reported, status of student in Canada | Total, status of student in Canada"
37100185,5,Country of citizenship,234,Afghanistan [41004] | Africa [3] | Albania [24008] | Algeria [33012] | Americas [1] | Andorra [24020] | Angola [34024] | Anguilla [13660] | Antigua and Barbuda [13028] | Argentina [14032] | Armenia [41051] | Aruba [13533] | Asia [4] | Australia [51036] | Austria [21040] | Azerbaijan [41031] | Bahamas [13044] | Bahrain [41048] | Bangladesh [44050] | Barbados [13052]
37100185,6,Gender,4,"Female gender | Gender unknown | Male gender | Total, gender"
37100188,1,Level of study,6,All levels of study | Bachelor's | College | Doctorate | Master's | Professional
37100188,2,Field of study,15,"Agriculture, natural resources and conservation [9] | All fields of study | All fields of study - BHASE [b] | All fields of study - STEM [a] | Architecture, engineering, and related technologies [8] | Business, management and public administration [5] | Education [1] | Health and related fields [10] | Humanities [3] | Mathematics, computer and information sciences [7] | Other instructional programs [12] | Personal, protective and transportation services [11] | Physical and life sciences and technologies [6] | Social and behavioural sciences and law [4] | Visual and performing arts, and communications technologies [2]"
37100188,3,Sex,3,Both sexes | Females | Males
37100188,4,Work-integrated learning (WIL) participation,3,All graduates | Did not participate in work-integrated learning (WIL) | Participated in work-integrated learning (WIL)
37100188,5,Statistics,13,Employed | Employed full time | Employed part time | Estimated gross annual earnings - 25th percentile | Estimated gross annual earnings - 75th percentile | Estimated gross annual earnings - median | Job related to their studies | Not in the labour force | Number of graduates | Permanent job | Qualified for their job | Satisfied with their job | Unemployed
37100189,1,Level of study,6,All levels of study | Bachelor's | College | Doctorate | Master's | Professional
37100189,2,Field of study,15,"Agriculture, natural resources and conservation [9] | All fields of study | All fields of study - BHASE [b] | All fields of study - STEM [a] | Architecture, engineering, and related technologies [8] | Business, management and public administration [5] | Education [1] | Health and related fields [10] | Humanities [3] | Mathematics, computer and information sciences [7] | Other instructional programs [12] | Personal, protective and transportation services [11] | Physical and life sciences and technologies [6] | Social and behavioural sciences and law [4] | Visual and performing arts, and communications technologies [2]"
37100189,3,Sex,3,Both sexes | Females | Males
37100189,4,Work-integrated learning (WIL) participation,3,All graduates | Did not participate in work-integrated learning (WIL) | Participated in work-integrated learning (WIL)
37100189,5,Statistics,13,Employed | Employed full time | Employed part time | Estimated gross annual earnings - 25th percentile | Estimated gross annual earnings - 75th percentile | Estimated gross annual earnings - median | Job related to their studies | Not in the labour force | Number of graduates | Permanent job | Qualified for their job | Satisfied with their job | Unemployed
