pid,language,zip_file,zip_name,member_name,member_size,is_csv,is_metadata,column_count,columns,row_count,status,error_message
14100189,eng,raw_old\14100189-eng.zip,14100189-eng.zip,14100189.csv,428961842,True,False,18,"REF_DATE | GEO | DGUID | Overtime | Estimates | Standard Industrial Classification, 1980 (SIC) | Seasonal adjustment | UOM | UOM_ID | SCALAR_FACTOR | SCALAR_ID | VECTOR | COORDINATE | VALUE | STATUS | SYMBOL | TERMINATED | DECIMALS",,ok,
14100189,eng,raw_old\14100189-eng.zip,14100189-eng.zip,14100189_MetaData.csv,18716,True,True,10,Cube Title | Product Id | CANSIM Id | URL | Cube Notes | Archive Status | Frequency | Start Reference Period | End Reference Period | Total number of dimensions,,ok,
14100306,eng,raw_old\14100306-eng.zip,14100306-eng.zip,14100306.csv,8024290006,True,False,19,REF_DATE | GEO | DGUID | Wages | Type of work | National Occupational Classification (NOC) | Sex | Age group | UOM | UOM_ID | SCALAR_FACTOR | SCALAR_ID | VECTOR | COORDINATE | VALUE | STATUS | SYMBOL | TERMINATED | DECIMALS,,ok,
14100306,eng,raw_old\14100306-eng.zip,14100306-eng.zip,14100306_MetaData.csv,9060,True,True,10,Cube Title | Product Id | CANSIM Id | URL | Cube Notes | Archive Status | Frequency | Start Reference Period | End Reference Period | Total number of dimensions,,ok,
17100060,eng,raw_old\17100060-eng.zip,17100060-eng.zip,17100060.csv,396294738,True,False,17,REF_DATE | GEO | DGUID | Marital status | Sex | Age group | UOM | UOM_ID | SCALAR_FACTOR | SCALAR_ID | VECTOR | COORDINATE | VALUE | STATUS | SYMBOL | TERMINATED | DECIMALS,,ok,
17100060,eng,raw_old\17100060-eng.zip,17100060-eng.zip,17100060_MetaData.csv,10214,True,True,10,Cube Title | Product Id | CANSIM Id | URL | Cube Notes | Archive Status | Frequency | Start Reference Period | End Reference Period | Total number of dimensions,,ok,
17100061,eng,raw_old\17100061-eng.zip,17100061-eng.zip,17100061.csv,79899,True,False,15,REF_DATE | GEO | DGUID | Family | UOM | UOM_ID | SCALAR_FACTOR | SCALAR_ID | VECTOR | COORDINATE | VALUE | STATUS | SYMBOL | TERMINATED | DECIMALS,,ok,
17100061,eng,raw_old\17100061-eng.zip,17100061-eng.zip,17100061_MetaData.csv,3301,True,True,10,Cube Title | Product Id | CANSIM Id | URL | Cube Notes | Archive Status | Frequency | Start Reference Period | End Reference Period | Total number of dimensions,,ok,
17100068,eng,raw_old\17100068-eng.zip,17100068-eng.zip,17100068.csv,3693,True,False,15,REF_DATE | GEO | DGUID | Population | UOM | UOM_ID | SCALAR_FACTOR | SCALAR_ID | VECTOR | COORDINATE | VALUE | STATUS | SYMBOL | TERMINATED | DECIMALS,,ok,
17100068,eng,raw_old\17100068-eng.zip,17100068-eng.zip,17100068_MetaData.csv,1693,True,True,10,Cube Title | Product Id | CANSIM Id | URL | Cube Notes | Archive Status | Frequency | Start Reference Period | End Reference Period | Total number of dimensions,,ok,
17100069,eng,raw_old\17100069-eng.zip,17100069-eng.zip,17100069.csv,7495,True,False,15,REF_DATE | GEO | DGUID | Population | UOM | UOM_ID | SCALAR_FACTOR | SCALAR_ID | VECTOR | COORDINATE | VALUE | STATUS | SYMBOL | TERMINATED | DECIMALS,,ok,
17100069,eng,raw_old\17100069-eng.zip,17100069-eng.zip,17100069_MetaData.csv,2081,True,True,10,Cube Title | Product Id | CANSIM Id | URL | Cube Notes | Archive Status | Frequency | Start Reference Period | End Reference Period | Total number of dimensions,,ok,
18100005,eng,raw_old\18100005-eng.zip,18100005-eng.zip,18100005.csv,11514822,True,False,15,REF_DATE | GEO | DGUID | Products and product groups | UOM | UOM_ID | SCALAR_FACTOR | SCALAR_ID | VECTOR | COORDINATE | VALUE | STATUS | SYMBOL | TERMINATED | DECIMALS,,ok,
18100005,eng,raw_old\18100005-eng.zip,18100005-eng.zip,18100005_MetaData.csv,27793,True,True,10,Cube Title | Product Id | CANSIM Id | URL | Cube Notes | Archive Status | Frequency | Start Reference Period | End Reference Period | Total number of dimensions,,ok,
22100106,eng,raw_old\22100106-eng.zip,22100106-eng.zip,22100106.csv,5336,True,False,16,REF_DATE | GEO | DGUID | Average expenditure on goods and services ordered over the Internet | Age group | UOM | UOM_ID | SCALAR_FACTOR | SCALAR_ID | VECTOR | COORDINATE | VALUE | STATUS | SYMBOL | TERMINATED | DECIMALS,,ok,
22100106,eng,raw_old\22100106-eng.zip,22100106-eng.zip,22100106_MetaData.csv,3878,True,True,10,Cube Title | Product Id | CANSIM Id | URL | Cube Notes | Archive Status | Frequency | Start Reference Period | End Reference Period | Total number of dimensions,,ok,
33100395,eng,raw_old\33100395-eng.zip,33100395-eng.zip,33100395.csv,14898537,True,False,16,REF_DATE | GEO | DGUID | Employment size | North American Industry Classification System (NAICS) | UOM | UOM_ID | SCALAR_FACTOR | SCALAR_ID | VECTOR | COORDINATE | VALUE | STATUS | SYMBOL | TERMINATED | DECIMALS,,ok,
33100395,eng,raw_old\33100395-eng.zip,33100395-eng.zip,33100395_MetaData.csv,97336,True,True,10,Cube Title | Product Id | CANSIM Id | URL | Cube Notes | Archive Status | Frequency | Start Reference Period | End Reference Period | Total number of dimensions,,ok,
33100396,eng,raw_old\33100396-eng.zip,33100396-eng.zip,33100396.csv,2188226,True,False,15,REF_DATE | GEO | DGUID | North American Industry Classification System (NAICS) | UOM | UOM_ID | SCALAR_FACTOR | SCALAR_ID | VECTOR | COORDINATE | VALUE | STATUS | SYMBOL | TERMINATED | DECIMALS,,ok,
33100396,eng,raw_old\33100396-eng.zip,33100396-eng.zip,33100396_MetaData.csv,96920,True,True,10,Cube Title | Product Id | CANSIM Id | URL | Cube Notes | Archive Status | Frequency | Start Reference Period | End Reference Period | Total number of dimensions,,ok,
33100397,eng,raw_old\33100397-eng.zip,33100397-eng.zip,33100397.csv,63290501,True,False,16,REF_DATE | GEO | DGUID | Employment size | North American Industry Classification System (NAICS) | UOM | UOM_ID | SCALAR_FACTOR | SCALAR_ID | VECTOR | COORDINATE | VALUE | STATUS | SYMBOL | TERMINATED | DECIMALS,,ok,
33100397,eng,raw_old\33100397-eng.zip,33100397-eng.zip,33100397_MetaData.csv,56918,True,True,10,Cube Title | Product Id | CANSIM Id | URL | Cube Notes | Archive Status | Frequency | Start Reference Period | End Reference Period | Total number of dimensions,,ok,
37100182,eng,raw_old\37100182-eng.zip,37100182-eng.zip,37100182.csv,538204910,True,False,20,REF_DATE | GEO | DGUID | International Standard Classification of Education (ISCED) | Field of study | Institution type | Registration status | Gender | Selected academic period | UOM | UOM_ID | SCALAR_FACTOR | SCALAR_ID | VECTOR | COORDINATE | VALUE | STATUS | SYMBOL | TERMINATED | DECIMALS,,ok,
37100182,eng,raw_old\37100182-eng.zip,37100182-eng.zip,37100182_MetaData.csv,32352,True,True,10,Cube Title | Product Id | CANSIM Id | URL | Cube Notes | Archive Status | Frequency | Start Reference Period | End Reference Period | Total number of dimensions,,ok,
37100183,eng,raw_old\37100183-eng.zip,37100183-eng.zip,37100183.csv,137448242,True,False,18,REF_DATE | GEO | DGUID | International Standard Classification of Education (ISCED) | Field of study | Institution type | Gender | UOM | UOM_ID | SCALAR_FACTOR | SCALAR_ID | VECTOR | COORDINATE | VALUE | STATUS | SYMBOL | TERMINATED | DECIMALS,,ok,
37100183,eng,raw_old\37100183-eng.zip,37100183-eng.zip,37100183_MetaData.csv,31492,True,True,10,Cube Title | Product Id | CANSIM Id | URL | Cube Notes | Archive Status | Frequency | Start Reference Period | End Reference Period | Total number of dimensions,,ok,
37100184,eng,raw_old\37100184-eng.zip,37100184-eng.zip,37100184.csv,3599034863,True,False,21,"REF_DATE | GEO | DGUID | International Standard Classification of Education (ISCED) | Institution type | Classification of Instructional Programs, STEM and BHASE groupings | Status of student in Canada | Country of citizenship | Gender | Selected academic period | UOM | UOM_ID | SCALAR_FACTOR | SCALAR_ID | VECTOR | COORDINATE | VALUE | STATUS | SYMBOL | TERMINATED | DECIMALS",,ok,
37100184,eng,raw_old\37100184-eng.zip,37100184-eng.zip,37100184_MetaData.csv,17638,True,True,10,Cube Title | Product Id | CANSIM Id | URL | Cube Notes | Archive Status | Frequency | Start Reference Period | End Reference Period | Total number of dimensions,,ok,
37100185,eng,raw_old\37100185-eng.zip,37100185-eng.zip,37100185.csv,1885843950,True,False,20,"REF_DATE | GEO | DGUID | International Standard Classification of Education (ISCED) | Institution type | Classification of Instructional Programs, STEM and BHASE groupings | Status of student in Canada | Country of citizenship | Gender | UOM | UOM_ID | SCALAR_FACTOR | SCALAR_ID | VECTOR | COORDINATE | VALUE | STATUS | SYMBOL | TERMINATED | DECIMALS",,ok,
37100185,eng,raw_old\37100185-eng.zip,37100185-eng.zip,37100185_MetaData.csv,16902,True,True,10,Cube Title | Product Id | CANSIM Id | URL | Cube Notes | Archive Status | Frequency | Start Reference Period | End Reference Period | Total number of dimensions,,ok,
37100188,eng,raw_old\37100188-eng.zip,37100188-eng.zip,37100188.csv,28372893,True,False,19,REF_DATE | GEO | DGUID | Level of study | Field of study | Sex | Work-integrated learning (WIL) participation | Statistics | UOM | UOM_ID | SCALAR_FACTOR | SCALAR_ID | VECTOR | COORDINATE | VALUE | STATUS | SYMBOL | TERMINATED | DECIMALS,,ok,
37100188,eng,raw_old\37100188-eng.zip,37100188-eng.zip,37100188_MetaData.csv,9151,True,True,10,Cube Title | Product Id | CANSIM Id | URL | Cube Notes | Archive Status | Frequency | Start Reference Period | End Reference Period | Total number of dimensions,,ok,
37100189,eng,raw_old\37100189-eng.zip,37100189-eng.zip,37100189.csv,28371707,True,False,19,REF_DATE | GEO | DGUID | Level of study | Field of study | Sex | Work-integrated learning (WIL) participation | Statistics | UOM | UOM_ID | SCALAR_FACTOR | SCALAR_ID | VECTOR | COORDINATE | VALUE | STATUS | SYMBOL | TERMINATED | DECIMALS,,ok,
37100189,eng,raw_old\37100189-eng.zip,37100189-eng.zip,37100189_MetaData.csv,9185,True,True,10,Cube Title | Product Id | CANSIM Id | URL | Cube Notes | Archive Status | Frequency | Start Reference Period | End Reference Period | Total number of dimensions,,ok,
