uid,title,vendor,year,source_type,domain,sector,scope,status,priority,sensitivity,conversion_mode,recommended_path,expected_tables,notes
SRC-0001,Open Food Facts bulk database,Open Food Facts,current bulk,Open Data Bulk,Food / Survival / Consumer Products,Human / Consumer; Market / Exchange,International; National,Current open-data source,High,Normal,Local processor; product identity and survival-value extracts,data-sources/open_food_facts/,food_product_identity; food_survival_value; food_brand_index; food_store_index; food_category_bricks,Already locally processed in first Canada run; raw JSONL stays local.
SRC-0002,NAPCS Canada 2022 product classification,Statistics Canada,2022,Official Classification,Product / Goods / Services Classification,Market / Exchange; Business / Commercial; Public / Government,National,Current official reference,High,Normal,Official taxonomy import; crosswalk layer,Comparator-definitions/taxonomy/canada/NAPCS_2022/,napcs_nodes; napcs_leaf_nodes; napcs_elements; comparator_crosswalk,"Use as official classification crosswalk, not as user-facing need tree replacement."
SRC-0003,ISED Financial Performance Data 2024,"Innovation, Science and Economic Development Canada",2024,Official Business Financial Benchmark,Small Business Calibration,Business / Commercial; Finance / Capital,National; Provincial,Current official benchmark,High,Normal,Normalized calibration profiles,data-sources/ised_fpd_2024/,business_type_calibration_profiles; financial_ratio_benchmarks; expense_benchmarks,Already packaged as GitHub-safe v0.2; raw ZIP should stay as Release asset.
SRC-0004,Statistics Canada cube downloads,Statistics Canada,various; local copies dated 2021,Official Statistical Cubes,Population / Labour / Education / CPI / Demographics,Public / Government; Human / Consumer; Market / Exchange,National; Provincial,Stale local copies; refreshable by PID,High,Aggregate statistics only,StatCan Cube Importer v0.1,data-sources/statcan_cubes/,source_inventory; zip_inventory; cube_metadata; dimensions; dimension_members; observations_parquet; comparator_mapping,Initial sample import succeeded; latest-PID refresh is next.
SRC-0005,GS1 GPC Browser and barcode/product identity references,GS1 / GS1 Canada,current,Product Identity / Classification Reference,Barcodes / GPC Bricks / Product Identity,Market / Exchange; Business / Commercial,International; National,Acquisition target,High,Normal,Crosswalk/product identity reference,data-sources/product_identity/gs1_gpc/,gpc_segments; gpc_families; gpc_classes; gpc_bricks; barcode_identity_crosswalk,Use brick terminology for product-level datagrid refinement.
SRC-0006,NVD CPE,NIST / NVD,current,Open Technical Classification,Computer / IT product identity,Information / Records; Market / Exchange,International,Acquisition target,Medium,Normal,CPE dictionary import,data-sources/it_products/nvd_cpe/,software_hardware_cpe; vendor_product_versions,"Useful for IT/software product identity, not retail SKU pricing."
SRC-0007,ENERGY STAR product datasets,ENERGY STAR,current,Open Product/Efficiency Dataset,Appliances / HVAC / Energy,Human / Consumer; Market / Exchange; Resources / Environment,National; International,Acquisition target,High,Normal,Downloadable CSV/product dataset,data-sources/energy_appliances/energy_star/,certified_products; efficiency_specs; category_crosswalk,High value for appliance and building-system comparison.
SRC-0008,NHTSA vehicle datasets,NHTSA,current,Open Vehicle Dataset,Vehicles / Safety / VIN,Human / Consumer; Public / Government; Market / Exchange,National,Acquisition target,High,Normal,API/CSV vehicle reference,data-sources/transportation/nhtsa/,vehicle_make_model; safety_recalls; vin_decode_fields,Use to refresh vehicle taxonomy and current safety info.
SRC-0100,Essentra Components Catalog Volume 14,Essentra Components / Alliance / Reid / Richco,2014,Industrial Component Catalog,Industrial Components / Hardware / Fasteners / Motion / Electronics,Business / Commercial; Market / Exchange,Organizational,Historical catalog; current families likely online,Very High,Normal,PDF table extraction by section,data-sources/catalog_conversions/industrial_components/essentra_2014/,industrial_components; essentra_category_tree; component_spec_dictionary,"Over 1,000 pages; structured contents and repeated item/spec tables."
SRC-0101,Faucher complete truck-body hardware set,Faucher,2011-2014,Truck Body Hardware Catalog Set,Truck Body / Camper / Emergency Vehicle Components,Business / Commercial; Market / Exchange,Organizational,Historical/current mixed; many items likely current equivalents,Very High,Normal,Small PDFs; direct table extraction,data-sources/catalog_conversions/truck_body_hardware/faucher/,truck_body_hardware_items; truck_body_hardware_category_tree; truck_body_spec_dictionary,"Handles, locks/latches, gas springs, hinges, adhesives, rubber, fasteners, cargo control, heaters, lights."
SRC-0102,"Parker Hose, Fittings and Equipment Catalog 4400",Parker Hannifin,2015,Fluid Power / Hose Catalog,Hydraulic Hose / Fittings / Safety / Crimping,Business / Commercial; Market / Exchange,Organizational,Historical catalog; technical reference,Very High,Safety-critical technical selection,Section extraction and safety-rule dictionary,data-sources/catalog_conversions/fluid_power/parker_hose_4400/,hose_products; hose_fittings; crimp_equipment; hose_selection_rules; safety_notes,Keep safety warnings and do-not-mix rules attached to records.
SRC-0103,Gregg Distributors Product Catalogue,Gregg Distributors Ltd.,2016,Canadian Industrial Supply Catalog,Industrial MRO / Tools / Fasteners / Safety / Automotive / Hose,Business / Commercial; Human / Consumer; Market / Exchange,Organizational; Provincial/State,Historical catalog; Canadian supplier reference,Very High,Normal; safety sections flagged,Large catalog; sectioned extraction queue,data-sources/catalog_conversions/canadian_industrial_supply/gregg_2016/,gregg_catalog_items; gregg_section_tree; supplier_branch_records; mro_category_index,"2,600+ pages; convert by section rather than whole catalog at once."
SRC-0104,80/20 Catalog 20,80/20 Inc.,circa 2014,Modular Framing System Catalog,T-Slot Aluminum / Modular Framing / Machine Guards / Workstations,Business / Commercial; Market / Exchange,Organizational; Personal,Historical catalog; current online refresh possible,Very High,Normal,"Profiles, fasteners, panels, add-ons, linear motion tables",data-sources/catalog_conversions/modular_framing/8020_catalog_20/,t_slot_profiles; modular_fasteners; panels_doors; add_on_components; profile_spec_dictionary,Duplicate uploaded as Catalog_20_20 and Catalog_80_20; keep one master source.
SRC-0105,Grote Lighting Systems and Electrical Catalogs,Grote,2016,Vehicle Electrical / Lighting Catalog Set,Vehicle Lighting / Wiring / Connectors / Fuse Protection,Business / Commercial; Market / Exchange,Organizational,Historical catalog; current online likely,Very High,Safety-critical vehicle electrical,Catalog-set extraction with technical notes,data-sources/catalog_conversions/vehicle_electrical/grote_2016/,vehicle_lighting; electrical_connectors; fuse_circuit_protection; interchange_lists; technical_notes,"Includes lighting, electrical connection, fuse/circuit protection."
SRC-0106,"GPH / Nexans mechanical connectors, cable lugs and clamps",GPH / Nexans Power Accessories,2007-2010,Electrical Power Hardware Catalog Set,Power Cable Connectors / Cable Lugs / Overhead Clamps,Business / Commercial; Infrastructure / Logistics; Public / Government,Organizational,Historical technical catalog,High,Safety-critical electrical power,Technical catalog extraction with standards fields,data-sources/catalog_conversions/electrical_power/gph_nexans/,mechanical_connectors; cable_lugs; overhead_line_clamps; conductor_compatibility; standards_notes,Flag voltage ranges and VDE/IEC references; not consumer DIY guidance.
SRC-0107,Aluminum Fastener Supply Product Catalog,Aluminum Fastener Supply Co.,unknown,Fastener Catalog,Aluminum Fasteners / Nuts / Washers / Screws / Technical Data,Business / Commercial; Market / Exchange,Organizational,Historical/current mixed,High,Normal,Fastener taxonomy and spec extraction,data-sources/catalog_conversions/fasteners/aluminum_fastener_supply/,aluminum_fasteners; fastener_technical_data; aluminum_fastener_material_notes,Good for aluminum-compatible fastener comparison.
SRC-0108,Tyrolit Specialised Precision Product Catalogue,Tyrolit,2011,Abrasives / Grinding Technical Catalog,Grinding / Cutting / Dressing / Abrasives,Business / Commercial; Market / Exchange,Organizational,Historical technical catalog,High,Safety-critical rotating abrasive tools,Product/application classification and safety notes,data-sources/catalog_conversions/abrasives_grinding/tyrolit_precision/,grinding_wheels; abrasive_applications; wheel_shape_dictionary; safety_notes,Useful for material/tooling application matrix.
SRC-0109,Ortlieb Clamping Systems Catalogue,Ortlieb,2011-2012,Workholding / Clamping Catalog,Clamping Systems / Collets / Drive Systems,Business / Commercial,Organizational,Historical technical catalog,High,Normal,Technical catalog extraction,data-sources/catalog_conversions/workholding_clamping/ortlieb_2011/,clamping_systems; collets; drive_systems; application_notes,Useful for tooling/workholding classification.
SRC-0110,KNA Fluid Power hose/fitting cross-reference,KNA Fluid Power,unknown,Hydraulic Hose/Fitting Cross Reference,Hydraulic Hose / Fittings / Cross Reference,Business / Commercial; Market / Exchange,Organizational,Historical/current mixed,High,Safety-critical cross-reference,Cross-reference table extraction,data-sources/catalog_conversions/fluid_power/kna_hose_cross_reference/,hose_fitting_cross_reference; manufacturer_equivalents,"Maps KNA to Dayco, Parker, Aeroquip, Gates."
SRC-0111,LM Industries Product Catalogue & Technical Reference,Leduc Mechanical Industries,unknown,Vacuum / Water Truck Parts Catalog,Vacuum Trucks / Pumps / Valves / Hoses / Manways / Hydraulics,Business / Commercial; Infrastructure / Logistics,Organizational,Historical/current mixed,High,Safety-critical fluid/vacuum systems,Technical catalog extraction,data-sources/catalog_conversions/vacuum_water_truck/lm_industries/,vacuum_truck_components; pumps; valves; hoses; shutoffs; troubleshooting_notes,"Over 5,200 parts claimed in inventory; good system-component source."
SRC-0112,GapVax PartsExpress parts catalog,GapVax,unknown,Vacuum Truck Parts Catalog,Blowers / Transfer Cases / Water Pumps / Vane Pumps / Sludge Pumps,Business / Commercial; Infrastructure / Logistics,Organizational,Historical/current mixed,High,Safety-critical vehicle/service equipment,Parts catalog extraction,data-sources/catalog_conversions/vacuum_water_truck/gapvax/,gapvax_parts; blower_models; pump_models; replacement_parts,Duplicate uploaded twice; keep one master.
SRC-0113,Kingfisher Welded Boat Guide,Kingfisher,2019,Marine Vehicle Product Catalog,Boats / Marine Vehicles / Options / Specs,Human / Consumer; Market / Exchange,Personal; Organizational,Historical model catalog,Medium,Normal,Model/spec extraction,data-sources/catalog_conversions/marine_vehicles/kingfisher_2019/,marine_vehicle_models; boat_specs; options_packages,Finished-product comparison source.
SRC-0114,Harkness Rose Catalogue,Harkness Roses,2015-2016,Horticulture Product Catalog,Garden Plants / Roses / Scent / Ratings,Human / Consumer; Market / Exchange,Personal,Historical seasonal catalog,Medium,Normal,Plant product extraction,data-sources/catalog_conversions/garden_horticulture/harkness_roses_2015_2016/,rose_varieties; plant_ratings; rose_category_tree,Good for house/garden/property domain.
SRC-0115,Respiratory Protection Catalog,North by Honeywell,2010,Safety PPE Catalog,Respirators / PAPR / Supplied Air / SCBA / Fit Testing,Business / Commercial; Human / Consumer; Public / Government,Organizational,Historical safety catalog,High,Safety-critical PPE,PPE taxonomy and selection-question extraction,data-sources/catalog_conversions/safety_ppe/respiratory_protection_north_honeywell/,respirators; cartridges_filters; papr; supplied_air; scba; fit_test_kits; selection_questions,Do not turn into medical/safety advice without current standards verification.
SRC-0116,CRC Custom Rollforming profile catalog,Custom Rollforming Corp.,unknown,Roll-formed Profile Catalog,Roll-formed Steel Profiles / Gauges / Section Geometry,Business / Commercial; Manufacturing,Organizational,Historical profile reference,Medium,Normal,Image/manual profile geometry extraction,data-sources/catalog_conversions/rollformed_profiles/crc_profile_catalog/,rollformed_profile_shapes; gauge_dimension_records,Image-based; no text parsed.
SRC-0117,J.B. Shannon & Sons Illustrated Catalogue of Building Hardware No. 24,J.B. Shannon & Sons,1883,Historical Building Hardware Catalog,Building Hardware / Locks / Knobs / Latches,Market / Exchange; Historical Reference,Historical,Historical/obsolete,Low,Historical reference,Historical taxonomy and price extraction,data-sources/catalog_conversions/historical_building_hardware/jb_shannon_1883/,historical_building_hardware; historical_prices; lock_knob_taxonomy,Not current product source; useful taxonomy/reference.
SRC-0118,MCM Electronics 2014 Catalog,MCM Electronics,2014,Electronics / Tools Catalog,Electronics / AV / Tools / Test Equipment,Business / Commercial; Market / Exchange,Organizational; Personal,Historical catalog,High,Normal,PDF category and product extraction,data-sources/catalog_conversions/electronics/mcm_2014/,electronics_components; test_equipment; av_products; tools,Previously identified as direct catalog source with many products.
SRC-0119,Starrett Precision Tools Catalog No. 28,Starrett,unknown,Precision Tool Catalog,Measuring Tools / Gages / Saws / Reference Tables,Business / Commercial,Organizational,Historical/current mixed,High,Normal,Product/spec extraction,data-sources/catalog_conversions/precision_tools/starrett_no_28/,precision_tools; gages; saws; reference_tables,Good source for measuring and quality inspection categories.
SRC-0120,Scientific Products General Catalog 1991-92,Scientific Products,1991-1992,Lab / Scientific Product Catalog,Laboratory / Diagnostics / Glassware / Instruments / Safety,Business / Commercial; Public / Government,Organizational,Historical catalog,High,Safety/lab critical,Sectioned catalog extraction,data-sources/catalog_conversions/lab_scientific/scientific_products_1991_92/,lab_products; lab_category_tree; instrument_specs; safety_supplies,Large lab/industrial source.
SRC-0121,IVES Architectural Hardware Catalog,IVES / Allegion,unknown,Architectural Hardware Catalog,Door Hardware / Hinges / Pivots / Pulls / Bolts / Stops,Business / Commercial; Shelter / Housing,Organizational; Personal,Historical/current mixed,High,Normal,Door hardware extraction,data-sources/catalog_conversions/door_hardware/ives/,door_hardware; finish_options; function_codes,Good brick source for doors and construction hardware.
SRC-0122,K2 Door Hardware Catalog,K2,unknown,Door Hardware Catalog,Commercial Door Hardware / Locks / Exit Devices / Closers,Business / Commercial; Shelter / Housing,Organizational,Historical/current mixed,High,Security hardware; avoid bypass details,Door hardware extraction,data-sources/catalog_conversions/door_hardware/k2/,locksets; exit_devices; door_closers; trims,Keep as product/spec reference; no security-bypass workflows.
SRC-0123,Aquascape Water Features Catalog,Aquascape,unknown,Outdoor Property Catalog,Pond Kits / Waterfalls / Pumps / Filtration / Lighting,Human / Consumer; Market / Exchange,Personal; Organizational,Historical/current mixed,Medium,Normal,Outdoor/property product extraction,data-sources/catalog_conversions/property_outdoor/aquascape/,water_feature_kits; pumps; filters; lighting; treatments,Property/garden system category.
SRC-0124,Waytek Automotive Electrical Supplies,Waytek,unknown,Automotive Electrical Catalog,Wire / Cable / Terminals / Connectors / Circuit Protection,Business / Commercial; Market / Exchange,Organizational,Historical/current mixed,High,Vehicle electrical safety,Automotive electrical product extraction,data-sources/catalog_conversions/vehicle_electrical/waytek/,automotive_wire; connectors; terminals; relays; switches; trailer_wiring,Excellent wiring/electrical brick source.
SRC-0125,Gardall Safe Catalog,Gardall,unknown,Safe / Security Storage Catalog,Safes / Fire Safes / Depositories / Wall Safes,Human / Consumer; Business / Commercial,Personal; Organizational,Historical/current mixed,Medium,Security product reference,Safe product extraction,data-sources/catalog_conversions/security_storage/gardall/,safes; fire_ratings; burglary_ratings; dimensions_weights,Avoid advice on defeating security.
SRC-0126,Master Lock keyed-alike / lock reference,Master Lock,unknown,Lock Reference,Locks / Keyed-Alike / Security Hardware,Business / Commercial; Human / Consumer,Organizational,Reference; sensitive fields withheld,Low,Security-sensitive,Taxonomy only; suppress key-code details,data-sources/reference_sensitive/security_hardware/master_lock/,lock_family_taxonomy; compatibility_notes_public,Do not publish detailed keyed-alike code lists.
SRC-0127,Chamela Lingerie Catalog,Chamela,unknown,Apparel Catalog,Apparel / Lingerie / Size / Color / Garment Type,Human / Consumer; Market / Exchange,Personal,Historical catalog,Low,Apparel normal,SKU/garment extraction,data-sources/catalog_conversions/apparel/chamela/,apparel_products; sizes; colors; garment_types,Usable as apparel SKU structure source.
SRC-0128,Shoe and Leather Encyclopedia,Reference,unknown,Footwear / Leather Taxonomy Reference,Footwear / Shoe Types / Leather / Retail Methods,Human / Consumer; Market / Exchange,Personal; Organizational,Historical reference,Medium,Normal,Taxonomy/glossary extraction,data-sources/reference_taxonomy/footwear_leather/,shoe_type_dictionary; leather_terms; manufacturers; sizing_terms,Taxonomy more than product rows.
SRC-0200,Business Statistics of the United States 2022,Bernan Press,2022,Statistical Reference Book,Business / GDP / Industry / Prices / Establishments,Business / Commercial; Market / Exchange; Finance / Capital,National,Reference; data mostly public-source-derived,High,Aggregate statistics,Reference index; source table locator; not full copyrighted table reproduction,data-sources/statistical_reference/us_economic_demographic/business_statistics_2022/,table_index; economic_indicator_crosswalk; source_locator,Use to identify public source tables and model variables.
SRC-0201,ProQuest Statistical Abstract of the United States 2021,ProQuest / Rowman & Littlefield,2021,Statistical Abstract,Population / Health / Education / Government / Labour / Business,Public / Government; Human / Consumer; Business / Commercial; Market / Exchange,National; State,Reference; public/private source locator,High,Aggregate statistics,"Table/source index, not full table copying",data-sources/statistical_reference/us_statistical_abstract_2021/,stat_abstract_table_index; source_locator; comparator_domain_mapping,Treat as guide to source datasets.
SRC-0202,Handbook of U.S. Labor Statistics,Bernan Press,2006,Labor Statistical Reference,Employment / Earnings / Productivity / Prices / Time Use,Human / Consumer; Business / Commercial; Market / Exchange,National,Historical reference,Medium,Aggregate statistics,Table index and model-variable dictionary,data-sources/statistical_reference/us_labor_statistics_2006/,labor_table_index; labour_model_variables,Use public BLS originals where possible for current data.
SRC-0203,The Almanac of American Education 2022,Bernan Press,2022,Education Statistical Reference,Education / Enrollment / Attainment / Schools,Human / Consumer; Public / Government,National; State; County,Reference,Medium,Aggregate statistics,Table index and education model variables,data-sources/statistical_reference/us_education_2022/,education_table_index; attainment_variables; school_metrics,Useful for education/labour connection.
SRC-0204,State Profiles 2018,Bernan Press,2018,State Statistical Profile,State Economy / Population / Housing / Employment / Education,Public / Government; Market / Exchange,State,Historical reference,Medium,Aggregate statistics,State profile template mapping,data-sources/statistical_reference/us_state_profiles_2018/,state_profile_metric_dictionary; state_profile_template,Good repeatable geography profile template.
SRC-0205,American Buyers: Demographics of Shopping,Consumer Expenditure reference,2008,Buyer Demand Reference,Consumer Spending / Household Segments / Product Categories,Human / Consumer; Market / Exchange; Business / Commercial,National,Historical buyer reference,High,Aggregate statistics,Buyer category and household-segment extraction,data-sources/consumer_demand/american_buyers_2008/,buyer_categories; household_segments; purchase_incidence; spending_by_segment,"Use for demand-model seed, not current forecasting alone."
SRC-0206,Applied Demography,Routledge,1991/2018,Method/Theory Book,Applied Demography / Data Sources / Estimation / Projection,Human / Consumer; Public / Government,National; Local,Theory/reference,High,Aggregate demographic methods,Method dictionary and model-design notes,docs/reference_theory/demography/applied_demography/,demographic_methods; data_source_types; projection_methods,Use for population segment modelling.
SRC-0207,Demography: The Study of Human Population,Waveland Press,2015,Method/Theory Book,Demography / Population / Fertility / Mortality / Migration,Human / Consumer; Public / Government,International; National,Theory/reference,High,Aggregate demographic methods,Concept dictionary and demographic process model,docs/reference_theory/demography/demography_study_human_population/,demography_concepts; population_processes; cohort_life_stage_model,Core theory source.
SRC-0208,Corporate Demography / Demography of Corporations and Industries,Reference,unknown,Business Simulation Theory,Business Birth / Growth / Mortality / Industry Density,Business / Commercial,Organizational; Market,Theory/reference,High,Normal,Business lifecycle model extraction,docs/business_simulation_theory/corporate_demography/,business_lifecycle_concepts; industry_density_variables; firm_mortality_factors,Supports business simulator.
SRC-0209,Agent-Mediated Electronic Commerce AMEC/TADA series,Academic proceedings,2003-2014,Agent Market Theory,Buyer Agents / Auctions / Negotiation / Trust / Market Simulation,Market / Exchange; Business / Commercial,International,Theory/reference,High,Normal,Agent-mechanism concept extraction,docs/business_simulation_theory/agent_mediated_ecommerce/,agent_roles; negotiation_protocols; auction_mechanisms; trust_reputation_models,Important for future buyer/seller agents.
SRC-0210,Enterprise logistics and supply chain structure: the role of fit,Journal of Operations Management / Elsevier,2000,Supply Chain Theory Paper,Enterprise Logistics / Supply Chain Fit / Extended Enterprise,Business / Commercial; Infrastructure / Logistics,Organizational; International,Theory/reference,Medium,Normal,Theory-note extraction,docs/business_simulation_theory/supply_chain_fit/,supply_chain_fit_concepts; logistics_capabilities,Use for business simulator architecture.
SRC-0211,"Women's Equality, Demography and Public Policies",Palgrave Macmillan,1993,Policy/Demography Reference,Women’s Equality / Pronatalism / Immigration / Childcare / Leave Policy,Public / Government; Human / Consumer,National; International comparison,Historical theory/reference,Medium,Sensitive aggregate policy,Policy concept and comparison extraction,docs/reference_theory/demography_social_policy/womens_equality_demography_policy/,policy_components; demographic_policy_concepts; country_policy_comparison,Aggregate/policy modelling only.
SRC-0212,"Ethnic Demography: Canadian Immigrant, Racial and Cultural Variations",Carleton University Press,1990,Canadian Demography Reference,Immigration / Ethnicity / Language / Fertility / Mortality / Migration,Human / Consumer; Public / Government,National; Provincial,Historical theory/reference,Medium,Sensitive aggregate demographic categories,Concept/index extraction; aggregate only,docs/reference_theory/demography_social_policy/ethnic_demography_canada/,ethnic_demography_topics; aggregate_variables,No individual profiling/decisioning.
SRC-0213,America’s Diverse Population,Bernan Press,2017,Demographic Profile Reference,Race / Ethnicity / Social Class / Geography,Human / Consumer; Public / Government,National; County,Historical aggregate reference,Medium,Sensitive aggregate demographic categories,Profile index and variable dictionary,data-sources/statistical_reference/demographic_profiles/americas_diverse_population/,demographic_profile_variables; chart_index,Aggregate-only demographic modelling.
SRC-0214,Giant Book of Games,Sterling Publishing,1956,Recreation Activity Reference,Games / Icebreakers / Indoor / Outdoor / Relays,Human / Consumer,Personal; Organizational,Historical reference,Low,Normal,Activity taxonomy extraction,data-sources/reference_taxonomy/recreation_games/group_activity_games/,activity_taxonomy; game_index; required_people_space_equipment,Useful for recreation/program design.
SRC-0300,Ruger firearms collector catalog,Gun Digest Books,2014,Firearms Collector Reference,Firearms / Historical Models / Serial Numbers / Pricing,Reference Sensitive,Historical,Restricted reference only,Low,Regulated weapons,No public buying workflow; taxonomy/reference only,data-sources/reference_sensitive/firearms_collector_history/ruger/,firearms_model_taxonomy_restricted; collector_reference_index,"Do not build acquisition, sourcing, pricing, or recommendation flows."
SRC-0301,U.S. Military Vehicles standard catalog,Krause / reference,2003/2010,Historical Military Vehicle Reference,Military Vehicles / Trucks / Tracked Vehicles / Trailers,Transportation Reference; Public / Government,Historical,Historical reference,Medium,Military/historical reference,Historical vehicle taxonomy only,data-sources/reference_taxonomy/transportation/historical_military_vehicles/,military_vehicle_taxonomy; historical_vehicle_models,EPUB not fully indexed in current file results.
SRC-0302,Kershaw / Shun Knife Catalog,Kershaw / KAI,2004,Kitchen Cutlery Catalog,Kitchen Knives / Cutlery / Blade Materials,Human / Consumer; Market / Exchange,Personal,Historical catalog,Low,Knife/cutlery; reference only where needed,Kitchen cutlery product extraction,data-sources/catalog_conversions/housewares_kitchen_cutlery/kershaw_shun_2004/,kitchen_cutlery; blade_materials; knife_types,Housewares cutlery okay; avoid weapon-use workflows.
SRC-0303,CRKT Knife Catalog,CRKT,2009,Knife/Tool Catalog,Sport / Work / Professional Knives / Tools,Reference Sensitive,Historical,Restricted reference,Low,Knives/weapons-adjacent,Restricted taxonomy/reference only,data-sources/reference_sensitive/knives_tools/crkt_2009/,knife_tool_taxonomy_restricted; blade_steel_reference,No acquisition/deal-finding/carry guidance.
SRC-0304,Byrd / Spyderco Knife Catalog,Byrd / Spyderco,2006,Knife Catalog,Folding Knives / Blade Steel / Edge Type,Reference Sensitive,Historical,Restricted reference,Low,Knives/weapons-adjacent,Restricted taxonomy/reference only,data-sources/reference_sensitive/knives_tools/byrd_spyderco_2006/,knife_model_reference_restricted,No acquisition/deal-finding/carry guidance.
SRC-0305,Victorinox New Products catalog,Victorinox,2009,Knife/Multitool Catalog,Swiss Army Knives / Multitools / Limited Editions,Reference Sensitive,Historical,Restricted reference,Low,Knife/multitool,Reference taxonomy only,data-sources/reference_sensitive/knives_tools/victorinox_2009/,multitool_reference_restricted,Image-based; lower priority.
SRC-0306,Great Wines of Europe,G.P. Putnam's Sons,1965,Wine Region Reference,Wine Regions / Vineyards / Vintages / Grapes,Reference Regulated,Historical; International,Regulated alcohol reference only,Low,Alcohol regulated,Reference taxonomy only; no sales workflow,data-sources/reference_taxonomy/regulated_alcohol/wine_regions_historical/,wine_region_taxonomy; grape_reference; vintage_reference_index,No alcohol retail recommendation workflow.
SRC-0400,Home Depot / Lowe's / RONA / Home Hardware catalog access paths,Retailers,current,Online Acquisition Target,Housing / Construction Materials / Tools / Appliances,Human / Consumer; Market / Exchange,National; Provincial,Access investigation,High,Normal,API/scrape where permitted; affiliate/feed preferred,data-sources/acquisition_targets/housing_construction_retailers/,retailer_access_inventory; category_mapping,Acquire via feeds/APIs/public downloadable data where available.
SRC-0401,Grainger / Fastenal / Gregg / Red Deer Bolt / Richelieu / Accuride / Blum,Industrial Suppliers,current,Online Acquisition Target,Tools / Fasteners / Hardware / Cabinet Hardware / Slides,Business / Commercial; Market / Exchange,National; Organizational,Access investigation,Very High,Normal,Vendor catalog/API/feed/manual PDF conversion,data-sources/acquisition_targets/industrial_hardware_suppliers/,supplier_access_inventory; category_mapping,High value for property and hardware bricks.
SRC-0402,NAPA / RockAuto / auto parts fitment sources,Auto Parts Retailers,current,Online Acquisition Target,Automotive Parts / Fitment / Maintenance,Human / Consumer; Market / Exchange,National,Access investigation,High,Normal,Fitment database/API/licensed data likely required for full scale,data-sources/acquisition_targets/auto_parts_fitment/,auto_parts_access_inventory; fitment_schema,Full fitment may require license/commercial access.
SRC-0403,Best Buy / Canadian Tire / Staples / Dollarama,Retailers,current,Online Acquisition Target,Electronics / Tools / Office Supplies / Low Cost General Goods,Human / Consumer; Market / Exchange,National,Access investigation,Medium,Normal,Public web/API/feed where permitted,data-sources/acquisition_targets/general_retailers/,retailer_category_mapping; product_feed_inventory,Good broad consumer coverage.
SRC-0404,"Windows, doors, stairs, railings, garage doors, fire doors, HVAC, water heaters, electrical, ducting, lighting",Building System Catalog Targets,current,Online Acquisition Target,Building Modular Components,Shelter / Housing; Business / Commercial,National; Organizational,Access investigation,High,Safety-critical where relevant,Manufacturer PDF/API/download catalog acquisition,data-sources/acquisition_targets/building_system_components/,building_component_source_queue; spec_schema,Important modular construction/component layer.
SRC-0405,"Computer, IT and communications product catalogs",IT/Communications Suppliers,current,Online Acquisition Target,Computers / Phones / Shortwave / CB / Microwave / Radio,Information / Records; Market / Exchange,International; National,Access investigation,Medium,Some radio/frequency products may be regulated,NVD CPE plus retailer/manufacturer feeds,data-sources/acquisition_targets/it_communications/,it_product_source_queue; communications_category_mapping,Combine product identity with regulatory/frequency notes.
SRC-0406,Furniture and furnishings catalogs including La-Z-Boy,Furniture Suppliers,current,Online Acquisition Target,Furnishings / Seating / Home Goods,Human / Consumer; Market / Exchange,Personal; National,Access investigation,Medium,Normal,Manufacturer/retailer catalog acquisition,data-sources/acquisition_targets/furnishings/,furnishing_source_queue; furniture_category_mapping,Useful for shelter/household domain.
